version,level,key,count,share
R7,source,openimages_train_prefix,92,0.3357664233576642
R7,source,classroom_attitude,60,0.21897810218978103
R7,source,coco_2017_train,39,0.14233576642335766
R7,source,scb_head,26,0.0948905109489051
R7,source,roboflow_v1,23,0.08394160583941605
R7,source,scb_hrw,18,0.06569343065693431
R7,source,student_behaviour,14,0.051094890510948905
R7,source,exam_cheating_keaor,2,0.0072992700729927005
R7,source_image,source_pixel_sha256|bdb46de415f6fd286afd366f4b1e0f4d58950bd7e43b6bb6ccdf10e97cac587d,3,0.010948905109489052
R7,source_image,source_pixel_sha256|40e55c54f1533e730b635128061e7eeef04bc0bf0977b95e5c6c3f8f80b59290,3,0.010948905109489052
R7,source_image,source_pixel_sha256|1bec114b55796c13d30bfb8d3697fc657345526f4234b47c4a52378a29cba1dd,2,0.0072992700729927005
R7,source_image,source_pixel_sha256|91baa2d7eb69e92df6cd3c049bbcd55d7df515bd1591c598e969fbb8f2ed2bf4,2,0.0072992700729927005
R7,source_image,source_pixel_sha256|bfc3b5e9f144e82641bb96787a0687c2fb16bf8e2888712a2b3c0c8f6ca735a2,2,0.0072992700729927005
R7,source_image,source_pixel_sha256|13eb1285ce192c66546fce085e3ca951aac081b8fa823919e244dd90ce4325c2,2,0.0072992700729927005
R7,source_image,source_pixel_sha256|945749b43e6fb61b2ba5b144d729bc4e5df3101b189c07dfc507d12622b38e6a,2,0.0072992700729927005
R7,source_image,source_pixel_sha256|fd071dd907d2ff0382cd55d601285fb3cb30454abe27feb89e02fb2e17c80931,2,0.0072992700729927005
R7,source_image,source_pixel_sha256|2941e6b4eb91004a853a57114a4d82893a12459ae4b45ece3af8efe95aff7419,2,0.0072992700729927005
R7,source_image,source_pixel_sha256|e2921e455f3023d1258ea9af050e6523dcca6f4b9f860930a2b0d160420e28eb,2,0.0072992700729927005
R7,source_image,source_pixel_sha256|12c9f538e0495d3b1c45c4f5ec3dedff28bd64afa9d9686fa62398d896aa6cdd,2,0.0072992700729927005
R7,source_image,source_pixel_sha256|d4afdc553c0c6fc3a44d5c4b0d3ba3e2fdd465b7a092fa53e5078c6fe138350f,2,0.0072992700729927005
R7,source_image,source_pixel_sha256|10171f3b8e8284609aab0ec2ac79eccfcefd1f0aabc200583c2df371eafd5387,2,0.0072992700729927005
R7,source_image,source_pixel_sha256|2413e50998a3f102920b4ada83e640d014ecc9b8d0fa921d53d8da42ee9d8f20,2,0.0072992700729927005
R7,source_image,source_pixel_sha256|cfc437030e1db1ae5a2310d6dce6841f65b3b0cd82d6274dbfb1177c7922e4a3,2,0.0072992700729927005
R7,source_image,source_pixel_sha256|88bbd1d56ca212032a7acc60d6aab944a33dd3370d85fcb94c8184573ac1f6e3,2,0.0072992700729927005
R7,source_image,source_pixel_sha256|8a7b67340e07d5c5f2c7839e472b912749958be26d86dcba3a5100bcc1a5fb80,2,0.0072992700729927005
R7,source_image,source_pixel_sha256|72afd36afac73ee727b00227b5590f8ad991bc07ea879c7514fc13f6fd736702,2,0.0072992700729927005
R7,source_image,source_pixel_sha256|cb4524694336ae5d76641054b4c36067f979ef01f95d92a5728af7909334c378,2,0.0072992700729927005
R7,source_image,source_pixel_sha256|3529d890c5d258d2e4793e8eb3e5d73a8911e7e25a7fd2a57ec228b9a7aa0d08,2,0.0072992700729927005
R7,source_image,source_pixel_sha256|14f6218ad7e084f098cde610f04227d08accd5d895097b5ea3e499b50580d1e7,2,0.0072992700729927005
R7,source_image,source_pixel_sha256|8abf8a57d455dbba2907afc53dcbd4276322dc970e7654253a9edbe406485ed2,2,0.0072992700729927005
R7,source_image,source_pixel_sha256|406b0c5a0625088f472c8d5bca80f2aff5d9ae72343cdf95e6c3770d4ccba074,2,0.0072992700729927005
R7,source_image,source_pixel_sha256|50678b2c24a48b5b2f094ad33a8266a504a56c4b102be23290e6b51b691ef026,2,0.0072992700729927005
R7,source_image,source_pixel_sha256|573a890398f589dcfdd75afa315339c3dc6314faf07ac7ad542a67f994d9aacb,2,0.0072992700729927005
R7,source_image,source_pixel_sha256|fa954db30bbe50a28c9f265cebdd60f2c0377f18c1cc3b37db9ae8576354ebeb,2,0.0072992700729927005
R7,source_image,source_pixel_sha256|7cb18ab0a280742d6f9b9f171e94b6bd232868e98cf5c74803730d6ee4a89038,2,0.0072992700729927005
R7,source_image,source_pixel_sha256|cd24dba2562e7eb460f9e6cc803834753cf6a415a7bd3c8c577707e2a91698fe,2,0.0072992700729927005
R7,source_image,source_pixel_sha256|e9a085d2950aeb71ddb5f9b4e72474d507af5b127ef1995af4f1523171b8a700,2,0.0072992700729927005
R7,source_image,source_pixel_sha256|71292529c621d13dcfecff02b1dfb948c8d70acc98650f153e3b423cc40d6bc9,2,0.0072992700729927005
R7,source_image,source_pixel_sha256|de6a9d7c346e284e3348e0d0b067fa40667b951cb8ce44185d95db5224c315ec,1,0.0036496350364963502
R7,source_image,source_pixel_sha256|fd1d4272e95a53131d9de56cc87b03c47552a7734f3b8717ca449d2be87a6c43,1,0.0036496350364963502
R7,source_image,source_pixel_sha256|3c24b988b96792c96c23dc2a3a7746ee3907ad43a6ada39daf5d10ea912acb11,1,0.0036496350364963502
R7,source_image,source_pixel_sha256|3270754df8dc8826ad4aac00a5f8a4e8e402186fba5a6532b6917b2c7c73fb89,1,0.0036496350364963502
R7,source_image,source_pixel_sha256|941bf539e8843ba7cb5574e4c193cbfa0b3830535494409c219fe9852adf19c5,1,0.0036496350364963502
R7,source_image,source_pixel_sha256|217d2cfdff6166613084b0ad0a100ceabb5a78898b5f4c358c59f58a57acbf67,1,0.0036496350364963502
R7,source_image,source_pixel_sha256|df51a4d56f5c061916c6b4a5a3d4ab1539a09bf19bc6532f4bad3f6d2dc8de2c,1,0.0036496350364963502
R7,source_image,source_pixel_sha256|68a24c6d2dc79658b76c9af18ea969b566ea9155ab338d20adb0f67306b1e7e6,1,0.0036496350364963502
R7,source_image,source_pixel_sha256|18c143a23a36f090e8b7ae8dcb5225486e1389b4416ff545c1e0910fa9e73b7c,1,0.0036496350364963502
R7,source_image,source_pixel_sha256|be0795fc28568629837cfd901946e5442da57edb0e06b7acb8d145ccce284563,1,0.0036496350364963502
R7,source_image,source_pixel_sha256|3eb70075bb6c2504fd4134f344b58ef8e52a2bc19711d6b33e27efd6ebb580ab,1,0.0036496350364963502
R7,source_image,source_pixel_sha256|e048cff5596eedc3f388da9ad5a1d8346f619c99acbbe490ff22b7968a55c849,1,0.0036496350364963502
R7,source_image,source_pixel_sha256|f9957edd1a99197769094d1bfa24843d5427e6959dfa2042a511fd694fb94302,1,0.0036496350364963502
R7,source_image,source_pixel_sha256|2ca49c89a5a5510702f1a0143639f0b54565ecc4b7b1b8ae564adfbd77183de7,1,0.0036496350364963502
R7,source_image,source_pixel_sha256|71e845db79f956b67a67896cc8c9cdc7c86eee56e783c2e1b673a73173847179,1,0.0036496350364963502
R7,source_image,source_pixel_sha256|7c98835840ee6ddd5f969bf53ea5cccc5c2c597a28334b9fa0af9d8b52b37626,1,0.0036496350364963502
R7,source_image,source_pixel_sha256|69e2f53b9f6c1e3ef4ade0abec57e8aa11043ff9b799cd9d3c3d469111aefc85,1,0.0036496350364963502
R7,source_image,source_pixel_sha256|917e06d645cd47da079bf3af8a781b465233bf3d52a0c23acc7b876678265200,1,0.0036496350364963502
R7,source_image,source_pixel_sha256|6d013fde5ebcc30d4c627188a65c57844459ee8c7cbff2db2f0258250d82cdf5,1,0.0036496350364963502
R7,source_image,source_pixel_sha256|6a5a38cbc298f4d05a3349912dba6d11056780cfb456f5b2e7064245d4f0f3b8,1,0.0036496350364963502
R7,source_image,source_pixel_sha256|fd7e6021e10aabb4111ccce1a7dc82be0492ac2a280ef38f7267e859af0338d0,1,0.0036496350364963502
R7,source_image,source_pixel_sha256|18eda8d2c5688eb100699b79ad8fd15c478b6c1c4fea01fdd719492bde72767f,1,0.0036496350364963502
R7,source_image,source_pixel_sha256|b9db5f6dc68d013078a5c6db431e1c45d7703f84b6782acd42caa0d912574b13,1,0.0036496350364963502
R7,source_image,source_pixel_sha256|8fe3a10d230f7fa1c01cc87d5658f06b530955cf5f2c7fea3c81ccc5a647766f,1,0.0036496350364963502
R7,source_image,source_pixel_sha256|0048093741f00ea1dd8cade626f960a1e6f14a4ff2c1c003228ae5459d585f3e,1,0.0036496350364963502
R7,source_image,source_pixel_sha256|363a2f59cdda5d8279df2291a20ec245a7f1ccb496218a66ac64816e48d07ff2,1,0.0036496350364963502
R7,source_image,source_pixel_sha256|87eeaafab8b5d7561acb227184ea98801c5d71e6a26baceb27958049ef238b2e,1,0.0036496350364963502
R7,source_image,source_pixel_sha256|e6df9b7093c46b9074a7068b1463e8ab6dd60775a7360f39f02f73a96e7d3e87,1,0.0036496350364963502
R7,source_image,source_pixel_sha256|3f01daab3e4baeb1913b47b7931a0c84c837a03b62d3a6715cb8039f9380a817,1,0.0036496350364963502
R7,source_image,source_pixel_sha256|eac4a8394d84e4d469a10f820207d9936321608837c443389bb2a7bf289147b6,1,0.0036496350364963502
R7,source_image,source_pixel_sha256|f06b157bc1f75063a5926d87a376fa636f9127a34f46f1c1352b7af09b912c94,1,0.0036496350364963502
R7,source_image,source_pixel_sha256|816c4b7ffc95994638fcc74fee3c2dac0c63453c0de9cc09d21063e38c284b56,1,0.0036496350364963502
R7,source_image,source_pixel_sha256|2461e0948bbb550ed30ad0a828c789d1cbd87c756dedeff54696f2d665365afb,1,0.0036496350364963502
R7,source_image,source_pixel_sha256|b5386cf67dbb785d8e279932da35131dd8c6a506df0b2bd1420aaed9a065c5bf,1,0.0036496350364963502
R7,source_image,source_pixel_sha256|d6d0437f2b9a0a7d85dbd1b556a9330617a5b3ea2dea48e5ad69a2fb624d8866,1,0.0036496350364963502
R7,source_image,source_pixel_sha256|37a2966dad65a972e81e2f132eb40db54215e4401f713f9f8d0cd7b59fa16376,1,0.0036496350364963502
R7,source_image,source_pixel_sha256|66df0f1c3fadf7e5c14bdc76ced0f0e6739676d310543a4f4e91286e90b789e1,1,0.0036496350364963502
R7,source_image,source_pixel_sha256|2b0810a7994f5e57d9e74928008d8d32fb5a4eb42d4215ce68962c04aaa9c617,1,0.0036496350364963502
R7,source_image,source_pixel_sha256|c70980c9215f593c7fe8a8d72d713b15ea227e9ceb351a09d786d923301f8c42,1,0.0036496350364963502
R7,source_image,source_pixel_sha256|d3951830c08be5edce2a0fcde269b7d2d1294ce7623525ecc70709bf25ec70a2,1,0.0036496350364963502
R7,source_image,source_pixel_sha256|c9af762641a8cd3dbced6ba46e884bbf4c7fee6c6cce4204d687826463753755,1,0.0036496350364963502
R7,source_image,source_pixel_sha256|599f5a16de8667146d9552d737726e89da2f2b4ab12d4f731d62aae2f8237a19,1,0.0036496350364963502
R7,source_image,source_pixel_sha256|4f2b54edea0ed8e1cfd89374fd9e468b8c2b831b62001c745d924aef6129d878,1,0.0036496350364963502
R7,source_image,source_pixel_sha256|64e4b6ab4363f5239a82178a8e4a9de93c5ec1b69edb4e8b37bca978f1e6b791,1,0.0036496350364963502
R7,source_image,source_pixel_sha256|5681abe63bd2bfb65750a844c90c5c7710681476ad0da574fd53f1dfa2b4c432,1,0.0036496350364963502
R7,source_image,source_pixel_sha256|754d89991d885516aa36fe8418528525b052db0566a3d8588cbe488595866f7c,1,0.0036496350364963502
R7,source_image,source_pixel_sha256|c178ccb22e54ab4fcd82d0bc043add35d204f4b2cf1a87d63428270d9593a0a5,1,0.0036496350364963502
R7,source_image,source_pixel_sha256|53c1921f27a104f1e657b9f3f2993a25980761e4cb7112636a07f9cfc3255d9a,1,0.0036496350364963502
R7,source_image,source_pixel_sha256|6ea5ef0aa508e8f02778b6f76c0f8a36ce4141d311f0ab623abe74edba577445,1,0.0036496350364963502
R7,source_image,source_pixel_sha256|6b3e9b52bc73d8198b92b6ac7abad0a15a31a3b5b045b3d619804d5f33fe4089,1,0.0036496350364963502
R7,source_image,source_pixel_sha256|a21b96cf3c40ad95915ba1701b37ece4a2318a985c4dca98318fb91c92dea1f3,1,0.0036496350364963502
R7,source_image,source_pixel_sha256|5cf7ddf599f24cca099dbd467583b95b0cb040c265395da57e41a604fa58b2b1,1,0.0036496350364963502
R7,source_image,source_pixel_sha256|3a9dad3a49433820c146419877f5159b768cf4677833aca6a14b395809bfd307,1,0.0036496350364963502
R7,source_image,source_pixel_sha256|27d5996a060cc2cd1ce656504619b4f7f62a452bfa151aefd674bdc524798d80,1,0.0036496350364963502
R7,source_image,source_pixel_sha256|de4f7326db9e64838c1adc9353587587abb61143c8dbe1fdaf12a3d134b1cd91,1,0.0036496350364963502
R7,source_image,source_pixel_sha256|d959fbf7f84098a9b110050335b8104beee8cee0df95661dc00c39b47708db67,1,0.0036496350364963502
R7,source_image,source_pixel_sha256|f5e7b688db469a2ff64192d4b800ad24a46c52afefd9f0d89cfda29d8ff5a69d,1,0.0036496350364963502
R7,source_image,source_pixel_sha256|3b5cd56bba2ea56efcc8e150dbc9923a62c25a6009e6f309297cbd6a8a1f82a2,1,0.0036496350364963502
R7,source_image,source_pixel_sha256|bbd2d052a7fc0d38f10b7a71df4b0a81ca36433ea84c0c92f94c04e5de0f48e1,1,0.0036496350364963502
R7,source_image,source_pixel_sha256|2542ccc8833e5ef2c7098ff3b206cbcf9c4a97d076feaac962cf3147bd580086,1,0.0036496350364963502
R7,source_image,source_pixel_sha256|357f251c5bd3f750f1655945530f82a1cd613176b14090ac382f848714bf49df,1,0.0036496350364963502
R7,source_image,source_pixel_sha256|5a632f458ded6810194cdf8d443bc5bba3d4efedce2ccb6773037827c733547b,1,0.0036496350364963502
R7,source_image,source_pixel_sha256|367c73bc45318671a22e6e9146997d6cf1b198d9305c41e3bad806a3a66e119d,1,0.0036496350364963502
R7,source_image,source_pixel_sha256|e80a15dc689ba0b1e068fb8b94e3a957b5613b492d459e74b2abcf5f284ac459,1,0.0036496350364963502
R7,source_image,source_pixel_sha256|74eed9a9e00c34286a7732de49098f0ef9548eba49db2456a69740fb06bc33fa,1,0.0036496350364963502
R7,source_image,source_pixel_sha256|ae9d76ff6a50128b58c8a38ee5d0ad3c81ddb5fb4376902bfca773ccd160d9b1,1,0.0036496350364963502
R7,source_image,source_pixel_sha256|3627f6972937281a2b6986b4e4b88ea2df383aee90c8efd89d607c2037583fdc,1,0.0036496350364963502
R7,source_image,source_pixel_sha256|7cf1458acd309b8458ce022f2e0a30c9717d2cfe6e9b867125be53624d91e6c1,1,0.0036496350364963502
R7,source_image,source_pixel_sha256|870257e7b21a24329f7ef173ee3b3ca042a730861526fa3f6f747aa572771774,1,0.0036496350364963502
R7,source_image,source_pixel_sha256|1a984c6f80057ef17693bc4b140141edebb260de0ba70032c6bcd844755930fe,1,0.0036496350364963502
R7,source_image,source_pixel_sha256|cd0a18d7326290be0cb6274ce876ab6140b12a9af04f752e9b1cf80244e7ba54,1,0.0036496350364963502
R7,source_image,source_pixel_sha256|6091b824101f66583e5848b5711921ac6c7629d88f3140975926523c8f453fdb,1,0.0036496350364963502
R7,source_image,source_pixel_sha256|0eb8c2c010f26072d3951c8071715dc0f225335dff91a1489a6ce2f906e1d2d5,1,0.0036496350364963502
R7,source_image,source_pixel_sha256|cf1c0daf7d5837e669bfb43e5e7b73ac007f332dbc2bb77bf73cf02efa04d35d,1,0.0036496350364963502
R7,source_image,source_pixel_sha256|9ff5a51d8c5bcdc0ab5cf74849505e6c70fd6a60333cd96d8bf0253953e4f352,1,0.0036496350364963502
R7,source_image,source_pixel_sha256|298fc3eecd265a9a7e252d97ac37ea9f41104e08cfe3aa0fbdfe706c2dd5213b,1,0.0036496350364963502
R7,source_image,source_pixel_sha256|1c48a8883729f572df6ac2424cfe10674af43230e59eebfc7dba5e0d47c80daf,1,0.0036496350364963502
R7,source_image,source_pixel_sha256|eee0f4be4ed4885a908fd032bc37e38e551a3669d2c7855551cdaf120786a0ca,1,0.0036496350364963502
R7,source_image,source_pixel_sha256|99c19ee230a000c4ef0e0ec3d010934aac1310f5fefb3f87a8d592040ef7b972,1,0.0036496350364963502
R7,source_image,source_pixel_sha256|1b810872d38d5542cb5a9e967468bffadebdd549e630f6e1dc149d11092b4e97,1,0.0036496350364963502
R7,source_image,source_pixel_sha256|b5ad7fd5af290fd29b7ec9d05f01cd1730e801e21b2ab9e6da0db048930d72b3,1,0.0036496350364963502
R7,source_image,source_pixel_sha256|c6e1ea37f78b6697fcafa1971f09fe35a2844dce3a36570dc7c50951a30eb438,1,0.0036496350364963502
R7,source_image,source_pixel_sha256|efa1e0d936df8c091135b1f7d7680da109dc221d85f0c74bacc82872d49bb00b,1,0.0036496350364963502
R7,source_image,source_pixel_sha256|9bf42c2c79b90ed5842d81c18792669794caa26fb12336970fc8b4b7a82da3b0,1,0.0036496350364963502
R7,source_image,source_pixel_sha256|e72a104ec63aa509ec1d5287ac2f1e63da4332acaced1a8ca42dbd2691a4297d,1,0.0036496350364963502
R7,source_image,source_pixel_sha256|b49564993fe11fef5d164b798648328c7556d03473a66e57b691cefbb716c234,1,0.0036496350364963502
R7,source_image,source_pixel_sha256|09d96ff975eaf49f8d33d9485e156b78624985b600d211d8036a09769b921fef,1,0.0036496350364963502
R7,source_image,source_pixel_sha256|86ff305277477cd1cf406aba6652bb8f9b9c2ae9b554df38c6d5e01483215d43,1,0.0036496350364963502
R7,source_image,source_pixel_sha256|28b14374088f14c6b0a72ac7fc58a2a437c2d572bd1a022dfb68c5da5bc224f3,1,0.0036496350364963502
R7,source_image,source_pixel_sha256|3b39088cf62c6f89358450919c07ed4994161873294cefbd2bb161f512caa1ee,1,0.0036496350364963502
R7,source_image,source_pixel_sha256|358c121e82186f0d7f4d367b759398c2ccbdca611ada7c20cd8d6a68fa6fe104,1,0.0036496350364963502
R7,source_image,source_pixel_sha256|fb2ba66fa006c8f954c644c38d377daf9db3fb5ebfbebbfbe98ad4a6d8fa9bb0,1,0.0036496350364963502
R7,source_image,source_pixel_sha256|cfad92ab420a9ab4c3aa62c6ec21b5f066215e161f836c82e254a1cb1920df24,1,0.0036496350364963502
R7,source_image,source_pixel_sha256|4e34099157c212acb351597a62985548663c2195a7311d4a9081851db36b2494,1,0.0036496350364963502
R7,source_image,source_pixel_sha256|34eb1ea154f1b779dae69ae03ef68cd2996ca7158211775a05a203906ec03441,1,0.0036496350364963502
R7,source_image,source_pixel_sha256|d894d38a1fdb209110c77ed514e8a00c851af788be459617956d82e2669b0f86,1,0.0036496350364963502
R7,source_image,source_pixel_sha256|fba2cd2dd45d1a555c52ec38302e04d20ada648168d2ef31c4d27888d8ef72f5,1,0.0036496350364963502
R7,source_image,source_pixel_sha256|a7dc88ad383715d41186e22ad20312aa8a5ced07b7b0f0fd4f8e28d3d071c8cc,1,0.0036496350364963502
R7,source_image,source_pixel_sha256|bcfd7021273189cffd60ef2b2bb81cf1252abb87a6aa097360ee67813fe71b5b,1,0.0036496350364963502
R7,source_image,source_pixel_sha256|5ed97cde3dd5d7f9e2947cc62d2ec5c8adc40781ea36ed861c4ae664d26d10d7,1,0.0036496350364963502
R7,source_image,source_pixel_sha256|807bc98d5559c66174c486a6c01ccf5a35750724f3ca6aa211d18889f80bffc3,1,0.0036496350364963502
R7,source_image,source_pixel_sha256|e555bd3c59b1cc1ce70768f2692ee131a0aa7524b2c126707b84feef237671b6,1,0.0036496350364963502
R7,source_image,source_pixel_sha256|9a09511cbc7c4f3f215028ad680bd30fb032f48d745ce305de5d6e0a1e590100,1,0.0036496350364963502
R7,source_image,source_pixel_sha256|1a0de45839a3a9e7ed2d94fb4e69573f4fd6f6375c94d2befd1f7c85caa71c29,1,0.0036496350364963502
R7,source_image,source_pixel_sha256|20cf6dd8cc2e9a9d95f6e58658e5dbb6138c6674bcd6bf75f9b2bccc1cd06d7c,1,0.0036496350364963502
R7,source_image,source_pixel_sha256|a824cba470eb162c4961c460d060aee46fb7ad050bebbd25391c62d6e4d600ba,1,0.0036496350364963502
R7,source_image,source_pixel_sha256|9da81f1c7f9772bb1a912344d54492d11f9feb14a1fbce6b875c476cc6174d82,1,0.0036496350364963502
R7,source_image,source_pixel_sha256|d73959670d190deb0c75d65543ed76120bc4ea6af5d3e84cc6565d40974b5fb8,1,0.0036496350364963502
R7,source_image,source_pixel_sha256|e5bb4b85d14695f4e9fa28b907d407abc54337754dd742772c6242b6e8c16e9b,1,0.0036496350364963502
R7,source_image,source_pixel_sha256|4b9f635d3f5c80111791b8f72027d199ef885da14d817105939f25b25522d3e3,1,0.0036496350364963502
R7,source_image,source_pixel_sha256|9c00edb66641b2668ce25f71bdabaf2219361e9ba4be096c23ba2750cae29805,1,0.0036496350364963502
R7,source_image,source_pixel_sha256|9e80026a54b9010d9118be8a5405976d2352293acbc025b6d9f0e3398f631aa6,1,0.0036496350364963502
R7,source_image,source_pixel_sha256|8f8d32d14f5a5429d0fab8bcaeac4770f704fd90d9a5bd4a45e016ee3f4dff57,1,0.0036496350364963502
R7,source_image,source_pixel_sha256|b4ace4f6fc8588ad8e0b34aef82d705f990221f37f99982715f962d3bba1bdea,1,0.0036496350364963502
R7,source_image,source_pixel_sha256|7750c7292c56597fad325ddd9b8c422295fe3fe486afda43620dd911e346411b,1,0.0036496350364963502
R7,source_image,source_pixel_sha256|e824e0d7b0d99dfb89ff7d9f3a1dcad9d23890042de07b9751ca63d75fb0c2bb,1,0.0036496350364963502
R7,source_image,source_pixel_sha256|e8455ba1ef7c8c90ec3086b556a5321fac8e929d0f4969d1efdeaeb85e03c27e,1,0.0036496350364963502
R7,source_image,source_pixel_sha256|0e833d9c51eb52f248145baf99253d4dfa6464447fd71080fe567d1f336ffe82,1,0.0036496350364963502
R7,source_image,source_pixel_sha256|dba791d5cb562591511748674d2188230ac1e308058969bd198061a506fc0496,1,0.0036496350364963502
R7,source_image,source_pixel_sha256|7eed880842bb9b805f0c2e86d2eb33b052fe14459a05b36a94d6523dcb1399e1,1,0.0036496350364963502
R7,source_image,source_pixel_sha256|25cb36678296c6238581d911f7b5b8723f2cf57f1d76cbfb2f82140917bb3751,1,0.0036496350364963502
R7,source_image,source_pixel_sha256|d41ef2edce0166fccb9e92afdc337d8303936994f8a3c7e5808493c4e9ae8fd0,1,0.0036496350364963502
R7,source_image,source_pixel_sha256|1c64e81e09a8ce249eb118c3c820fb156ab765964ff7e144b7aafb70c796a2eb,1,0.0036496350364963502
R7,source_image,source_pixel_sha256|e5b3d33386ad678fb563c8c9c45d05fa230195d89207d6fcdae4a318dbe5014f,1,0.0036496350364963502
R7,source_image,source_pixel_sha256|12927e67df82de96159d828476300510a86a845b94b1f8e5e50976610a787098,1,0.0036496350364963502
R7,source_image,source_pixel_sha256|67bb9575b2ce55be243c8c9d3f40e1bcf36d629683bb12e44ab9991ec9426ccb,1,0.0036496350364963502
R7,source_image,source_pixel_sha256|8341b46c3b958656d1baf7054bbff9cd9f1508ded3a15cf7585aafdfab90cc0c,1,0.0036496350364963502
R7,source_image,source_pixel_sha256|ea95f364581410c147214d85979987b91f7e0311287857b054a1abda9819fc0f,1,0.0036496350364963502
R7,source_image,source_pixel_sha256|f8e3cc98705cbbd2b2cd901bb15ed00023c96e4670563b0289c1bd74396b59f2,1,0.0036496350364963502
R7,source_image,source_pixel_sha256|67aca19fa16c295952eb7499e724f1ae27162bc08f868723c5d4e54bf227d3cf,1,0.0036496350364963502
R7,source_image,source_pixel_sha256|10a5e4114c678433d5300dcb1fd78e5b220db1e98af6eaaab4b656b17b86bfa0,1,0.0036496350364963502
R7,source_image,source_pixel_sha256|f7fb57fbc94001cb44cbbbc6c6df9b6647fcdb8e692d66d04a308f5b61c7db6a,1,0.0036496350364963502
R7,source_image,source_pixel_sha256|fff4fc925a04946a679e2bcdfe3c903fca3fcdf7dccde0972d8b5852f4c57b59,1,0.0036496350364963502
R7,source_image,source_pixel_sha256|afb7163c9da283b0d11a6aaa5c79403cda60f0bbc1b4f760eaa8dd23bcbb103d,1,0.0036496350364963502
R7,source_image,source_pixel_sha256|f2f40384fdf4908765aa1e25160886e47f590b97d7ac93f87a802e664bdeca50,1,0.0036496350364963502
R7,source_image,source_pixel_sha256|23c989bf4b40f6e18c6464c56b10cff43914c88a2728ba9b3fc7b6f43afa3ad6,1,0.0036496350364963502
R7,source_image,source_pixel_sha256|58930684e2e6253c7b3b57a7540344cb189c891bbb0802c9a9d1f0c0822ac422,1,0.0036496350364963502
R7,source_image,source_pixel_sha256|9b8f73842dd4d13aa2cc425d6ae5a49625e21ad988de8bab3039e9345f72507b,1,0.0036496350364963502
R7,source_image,source_pixel_sha256|d1ba25816e1485010a1b166fac3f28240dbda8194d738f8d70f6b3111efaac6b,1,0.0036496350364963502
R7,source_image,source_pixel_sha256|4e2a07acd4347ce26131b945efa736458e0e5b75517b62beb4457471eddb27bb,1,0.0036496350364963502
R7,source_image,source_pixel_sha256|2aa12173b777d2a6f6be168619837101d3a3b03434778e8e1bdabb2e5fb656e1,1,0.0036496350364963502
R7,source_image,source_pixel_sha256|5c25bd4355e392e36234a17349348ca07131c2045a5a6c982fd0917a6d37dd1e,1,0.0036496350364963502
R7,source_image,source_pixel_sha256|ef0b6eaa38700de810b41669c20f55748049514f10fdce085c31f6f15da9a159,1,0.0036496350364963502
R7,source_image,source_pixel_sha256|9dae68e70cb43349f41c7cd88273e6cb6ba84269e7beb4a48d830448d6f20529,1,0.0036496350364963502
R7,source_image,source_pixel_sha256|ed84722f6e23d031a6324b1b477d135061e2561d910bcefa05cc1dd91cd39863,1,0.0036496350364963502
R7,source_image,source_pixel_sha256|4ebad86460b0048d37f3d9819fb4c8cf258db3eac11a6127b2980227dec5ab90,1,0.0036496350364963502
R7,source_image,source_pixel_sha256|c0da76514b95c879f31822712ca3c80d4b1f5e0710e932835c3785c9cc2e7418,1,0.0036496350364963502
R7,source_image,source_pixel_sha256|38765a8df0f50a01d817265b09181b433280d549d185b7d30b0f9875abcb386b,1,0.0036496350364963502
R7,source_image,source_pixel_sha256|cadeea134630125c38151e4588f14f5f35704f0fd04a568973247b98722bff02,1,0.0036496350364963502
R7,source_image,source_pixel_sha256|95ae1f961d669577ff742c02282ebb6b77b8c05e84f8c9c9cf2744ae8f27f929,1,0.0036496350364963502
R7,source_image,source_pixel_sha256|430707b3f33d81bd44bc3f1f94f56f7ec6ee5bee1feb567cc3e99a6526fa7775,1,0.0036496350364963502
R7,source_image,source_pixel_sha256|f507f60ac80671d79415c5b0ab3b38eb5ceb18ae18c7289200072054e7066a18,1,0.0036496350364963502
R7,source_image,source_pixel_sha256|da6cb987eaecffb0fe41a954cf9758bdf1451eb84272683d51393856f50d5b4b,1,0.0036496350364963502
R7,source_image,source_pixel_sha256|5d0f05adec09c7aef5b66ffd8de7ec82827dac6690362db7481cc06ecab855f4,1,0.0036496350364963502
R7,source_image,source_pixel_sha256|07a4708cc66ed713e4fddf44a4c88037223e998269d657530afb281b2f627311,1,0.0036496350364963502
R7,source_image,source_pixel_sha256|3d7556fa8f431be7de42b99081ad167ecf805640032a7b4ebecf94b0cd1062cd,1,0.0036496350364963502
R7,source_image,source_pixel_sha256|0c7775526b2eb70fa686e2c258d32313fb2b950ae9433368abec0310b8d4276c,1,0.0036496350364963502
R7,source_image,source_pixel_sha256|3fee0fbf0c5f0b94276600b588b0916ef3a655353a3a96734b5b5c0def7023ac,1,0.0036496350364963502
R7,source_image,source_pixel_sha256|e35bbdfe6fa29f1d5f9b707334178421fc054427a4e473267973720cf09a4712,1,0.0036496350364963502
R7,source_image,source_pixel_sha256|33532d6248e862037525d61bee383b88faee2ef3dbf1cd0d1dccce949ce47136,1,0.0036496350364963502
R7,source_image,source_pixel_sha256|59c6d2cc256d0eedac1d012c8c0f31d5389b0600c260394f91b540f6f70258e9,1,0.0036496350364963502
R7,source_image,source_pixel_sha256|2a93c1cc64c9cf0fb3ddb70a2056f8f47fe38becfb2100aff86eb7f03a156858,1,0.0036496350364963502
R7,source_image,source_pixel_sha256|3701a9336d789d299c04d424d36a245d507c4cd1ee733e3b9d9fe823518ccde6,1,0.0036496350364963502
R7,source_image,source_pixel_sha256|795ba2656a67720b38e48704f36f51fd7e762bc0fa175337dfff8d4d0dbbc44b,1,0.0036496350364963502
R7,source_image,source_pixel_sha256|a797f480b2d5906e1f68ae5b59fb276d2af0db520fadfd1739710515044c896e,1,0.0036496350364963502
R7,source_image,source_pixel_sha256|5026da811e70d3a3019bcafb1c3d90e9f274f3632463de0f009b289829080cbb,1,0.0036496350364963502
R7,source_image,source_pixel_sha256|f7126dcaee3a1799d6be2abfc241cb8cbd6fe4a0a1af423c63a44f20e7736645,1,0.0036496350364963502
R7,source_image,source_pixel_sha256|574646d8ae24bf26e3b33645443048de87dbbaf33447fec549edaf64e23fa63f,1,0.0036496350364963502
R7,source_image,source_pixel_sha256|9fa8168b808f9df24d4d2b4bf0adbc63258589c165c91eebb05675fcd7b8e2a1,1,0.0036496350364963502
R7,source_image,source_pixel_sha256|9fc4e840c04949523e4ee45e7bf16c5871374eb07c0666fe0d02a766a30f839b,1,0.0036496350364963502
R7,source_image,source_pixel_sha256|e81c1ef3bf9affe0201ee663703c757027cd5762ee6741106feb928f58dd5ed8,1,0.0036496350364963502
R7,source_image,source_pixel_sha256|a0bd4c1370196cf70b1df000f8d9be106074f0310919c4e7508a4f46e9121384,1,0.0036496350364963502
R7,source_image,source_pixel_sha256|7e152a3936bddff8a131efc9053255ac9834efc5b96ae2f2a0b57f2178f91806,1,0.0036496350364963502
R7,source_image,source_pixel_sha256|af8b4368b5ac1798c60a2319d17299382eae507650785bebad584e27a60f61c3,1,0.0036496350364963502
R7,source_image,source_pixel_sha256|b140ca3dc39e02d5ac2eafa5320d1858f152f0872f8fed63cb94bb0c284c86f8,1,0.0036496350364963502
R7,source_image,source_pixel_sha256|3cfbcc476f2364e76b0b4342486ef450bcd5bb0a6a223cc6d8c9d82f77c9d6fd,1,0.0036496350364963502
R7,source_image,source_pixel_sha256|2cb1a40025bcf3fed876098807a17ebcb79f317234de56f5485984bde5bd5336,1,0.0036496350364963502
R7,source_image,source_pixel_sha256|dda7465b6609156d83f8ff59abbeec9892252e11e531c6d1990c2c338f8c65b2,1,0.0036496350364963502
R7,source_image,source_pixel_sha256|1aa7fdb16c6bb0dea228267b6d3a2b83f9d1cdacdbd5c01e1b9cda96f71ba0b7,1,0.0036496350364963502
R7,source_image,source_pixel_sha256|3b80229c512e419803bc5d4d0d4aeff0bbd864ef9f210f8b81a4152920d7c14d,1,0.0036496350364963502
R7,source_image,source_pixel_sha256|731b34c9fbecb3425b7759b7aee73e19bc87ec541a0e4a4213318ee2044730be,1,0.0036496350364963502
R7,source_image,source_pixel_sha256|de08643282b0b7432b75857d8d5b01edecf207c3284ae4d60a9cc43075eec4c7,1,0.0036496350364963502
R7,source_image,source_pixel_sha256|eb59a3017f207871ac5f74c85bd23dd8618c51ac8bf311266319422ddc7bc6aa,1,0.0036496350364963502
R7,source_image,source_pixel_sha256|45c8f250e0f0d1257b1b47f4f6c80c72b7189fff55ab77eec5f94ae7d4182f5b,1,0.0036496350364963502
R7,source_image,source_pixel_sha256|b56194678ab0df1506a42237c48029514e2217cda24c43341c4cfc661914ebae,1,0.0036496350364963502
R7,source_image,source_pixel_sha256|439f4e1ab5524e22b3359ef53b9b77e66091ae9e70e264fdf6e07c6e0b8ab474,1,0.0036496350364963502
R7,source_image,source_pixel_sha256|87614f12ada2ba2d5d8de61491aafe44777fc31c6b9a14c7a550a223b687cd9e,1,0.0036496350364963502
R7,source_image,source_pixel_sha256|2e5863c8d2be94fdff10e66e101fcaaac14794f94932a34d7a1c4cdfb8009544,1,0.0036496350364963502
R7,source_image,source_pixel_sha256|669ed7ff034a1f208ef2107d1799f95b0457cfed43e80e37e03045b505c0becb,1,0.0036496350364963502
R7,source_image,source_pixel_sha256|4f8d44c888d2da1e9e9569d848d9372de4beaee5e602dd71887b0217011c7a58,1,0.0036496350364963502
R7,source_image,source_pixel_sha256|c0d44da256505e9603e035d5554c2aa3e8af16af11666467fad320889b212796,1,0.0036496350364963502
R7,source_image,source_pixel_sha256|ecbdb069dc28bf2d6002f8fdc94558c1411170f41a8f7228ca2eb59dbfa60c44,1,0.0036496350364963502
R7,source_image,source_pixel_sha256|3e7e0a6128484e596c05c782eb54e52e2ba1b763e5c5337f477c13c2b94bf17d,1,0.0036496350364963502
R7,source_image,source_pixel_sha256|86acf45fdc6062394b125c74265933b61c26c6d4e8db961655ef4f7e42831be8,1,0.0036496350364963502
R7,source_image,source_pixel_sha256|f35c894c2e6a6945f8cd32994f5e7639d9fa1c52ab8406eff485d0651496086a,1,0.0036496350364963502
R7,source_image,source_pixel_sha256|b78a282f52abdd807f63bc911316802650898b5a4e010dfbdacbb64fa1ea14b6,1,0.0036496350364963502
R7,source_image,source_pixel_sha256|819668962ae84a3248aafdfa75ca7ba9ea0457d4c39c0db1ecc9fc26b64b7a88,1,0.0036496350364963502
R7,source_image,source_pixel_sha256|8569ecc619d99aa4424528cb1614cc0ea145bf7ea41c1555e1ff4cd7a3f566ae,1,0.0036496350364963502
R7,source_image,source_pixel_sha256|df45c06baf9b09afbc9404329a746716a7759d30daca992e01e370379668de78,1,0.0036496350364963502
R7,source_image,source_pixel_sha256|2153bd13eb979c118d83751a9508ab0aab39aa11c0e8c2339b2969d9bba70d7d,1,0.0036496350364963502
R7,source_image,source_pixel_sha256|cc2385654eb5d28f0fe24a7897cfcfa6c495c201ce27e4798c685787f4a79960,1,0.0036496350364963502
R7,source_image,source_pixel_sha256|132b346a05b0826ebccc0bcbc6d77d4298f3d7a9234c6198793587ca82f37b39,1,0.0036496350364963502
R7,source_image,source_pixel_sha256|2884c559e8c243363d338e66b517317b6aa289faf1445a1849dae7234e4da3a0,1,0.0036496350364963502
R7,source_image,source_pixel_sha256|49e17daf81e3233d50fa93f9b3fdd7a2aec7b591d91cf31231ed26913beeb015,1,0.0036496350364963502
R7,source_image,source_pixel_sha256|48347d5751fd336f1aa7fd89e46abb4d71cf1db2301c594250be68da00489997,1,0.0036496350364963502
R7,source_image,source_pixel_sha256|613827e1fd5f7f151d941a0dfeab431198fad1f9392fe06f11ff92fac5f2f90b,1,0.0036496350364963502
R7,source_image,source_pixel_sha256|516bb6b80415b53ee9df531502c761241ee4c9cb8d6a22ce91cb333f986fff40,1,0.0036496350364963502
R7,source_image,source_pixel_sha256|38a6a2067991412345b8ca210db1663a405bca86b1fddcf086c1c5315d3290ae,1,0.0036496350364963502
R7,source_image,source_pixel_sha256|7b1a2fb5b08ca5a73d38221d42f24401fc6eb836ba63723203d5d283bef71735,1,0.0036496350364963502
R7,source_image,source_pixel_sha256|8aca133cbae04d16bc31e4538e714f833a589ab748abd728f5ae6507fd113591,1,0.0036496350364963502
R7,source_image,source_pixel_sha256|63a95bfc56611e017d48ac08b340e5af7245f2619ef993fd5490faa64f9262a5,1,0.0036496350364963502
R7,source_image,source_pixel_sha256|e22088a188dabd8b4235a078c7dcb7c89fd72e263afee5f8316d35116b94bf0c,1,0.0036496350364963502
R7,visual_family_hint,scb_head|PARENT-TRAIN-PB-G-f0b75b5ac12d58228355,4,0.014598540145985401
R7,visual_family_hint,classroom_attitude|RF-screen-142,3,0.010948905109489052
R7,visual_family_hint,openimages_train_prefix|OI4-image-08f00b7676e32dcc,3,0.010948905109489052
R7,visual_family_hint,classroom_attitude|V7-MERGED-1d3d84778cb2,3,0.010948905109489052
R7,visual_family_hint,scb_head|PARENT-TRAIN-PB-G-7adf3e797f0d4d4978d9,3,0.010948905109489052
R7,visual_family_hint,scb_head|SCB-prefix-23,3,0.010948905109489052
R7,visual_family_hint,classroom_attitude|RF-screen-134,2,0.0072992700729927005
R7,visual_family_hint,openimages_train_prefix|OI3-image-06ff655145b3c7f4,2,0.0072992700729927005
R7,visual_family_hint,openimages_train_prefix|OI4-image-1013b88a66eaed41,2,0.0072992700729927005
R7,visual_family_hint,openimages_train_prefix|OI4-image-093cd5ff30cc3211,2,0.0072992700729927005
R7,visual_family_hint,classroom_attitude|RF-screen-4,2,0.0072992700729927005
R7,visual_family_hint,classroom_attitude|RF-screen-11,2,0.0072992700729927005
R7,visual_family_hint,classroom_attitude|RF-screen-21,2,0.0072992700729927005
R7,visual_family_hint,classroom_attitude|RF-screen-48,2,0.0072992700729927005
R7,visual_family_hint,classroom_attitude|RF-screen-122,2,0.0072992700729927005
R7,visual_family_hint,classroom_attitude|RF-screen-129,2,0.0072992700729927005
R7,visual_family_hint,classroom_attitude|RF-screen-135,2,0.0072992700729927005
R7,visual_family_hint,student_behaviour|RF-screen-253,2,0.0072992700729927005
R7,visual_family_hint,roboflow_v1|RF-screen-268,2,0.0072992700729927005
R7,visual_family_hint,student_behaviour|RF-screen-278,2,0.0072992700729927005
R7,visual_family_hint,student_behaviour|RF-screen-280,2,0.0072992700729927005
R7,visual_family_hint,openimages_train_prefix|OI3-image-146b06768299d7cf,2,0.0072992700729927005
R7,visual_family_hint,openimages_train_prefix|OI4-image-003334500cdd78c1,2,0.0072992700729927005
R7,visual_family_hint,scb_head|SCB-prefix-24,2,0.0072992700729927005
R7,visual_family_hint,roboflow_v1|RF-screen-168,2,0.0072992700729927005
R7,visual_family_hint,roboflow_v1|RF-screen-177,2,0.0072992700729927005
R7,visual_family_hint,roboflow_v1|RF-screen-202,2,0.0072992700729927005
R7,visual_family_hint,roboflow_v1|RF-screen-242,2,0.0072992700729927005
R7,visual_family_hint,coco_2017_train|COCO2-image-230436,2,0.0072992700729927005
R7,visual_family_hint,coco_2017_train|COCO2-image-94179,2,0.0072992700729927005
R7,visual_family_hint,scb_hrw|PARENT-TRAIN-PB-G-18b53fda4c21055b08af,2,0.0072992700729927005
R7,visual_family_hint,openimages_train_prefix|OI4-image-00100b721367c708,2,0.0072992700729927005
R7,visual_family_hint,classroom_attitude|RF-white-simulation-desk,1,0.0036496350364963502
R7,visual_family_hint,classroom_attitude|RF-screen-86,1,0.0036496350364963502
R7,visual_family_hint,classroom_attitude|RF-screen-115,1,0.0036496350364963502
R7,visual_family_hint,coco_2017_train|COCO-image-451324,1,0.0036496350364963502
R7,visual_family_hint,coco_2017_train|COCO-image-187001,1,0.0036496350364963502
R7,visual_family_hint,coco_2017_train|COCO-image-103427,1,0.0036496350364963502
R7,visual_family_hint,coco_2017_train|COCO-image-410980,1,0.0036496350364963502
R7,visual_family_hint,coco_2017_train|COCO-image-121613,1,0.0036496350364963502
R7,visual_family_hint,coco_2017_train|COCO-image-160708,1,0.0036496350364963502
R7,visual_family_hint,coco_2017_train|COCO-image-15644,1,0.0036496350364963502
R7,visual_family_hint,coco_2017_train|COCO-image-116405,1,0.0036496350364963502
R7,visual_family_hint,coco_2017_train|COCO-image-142481,1,0.0036496350364963502
R7,visual_family_hint,coco_2017_train|COCO-image-542027,1,0.0036496350364963502
R7,visual_family_hint,coco_2017_train|COCO-image-334813,1,0.0036496350364963502
R7,visual_family_hint,openimages_train_prefix|OI-image-02ec1f0836bd6d3c,1,0.0036496350364963502
R7,visual_family_hint,openimages_train_prefix|OI-image-11fb5266e3700719,1,0.0036496350364963502
R7,visual_family_hint,openimages_train_prefix|OI-image-1cc075f16a5b6e70,1,0.0036496350364963502
R7,visual_family_hint,coco_2017_train|COCO3-image-246434,1,0.0036496350364963502
R7,visual_family_hint,openimages_train_prefix|OI3-image-0704e414fc458410,1,0.0036496350364963502
R7,visual_family_hint,openimages_train_prefix|OI3-image-163fbc1bc335e714,1,0.0036496350364963502
R7,visual_family_hint,openimages_train_prefix|OI3-image-0b12a350f65e3c57,1,0.0036496350364963502
R7,visual_family_hint,classroom_attitude|RF-screen-149,1,0.0036496350364963502
R7,visual_family_hint,openimages_train_prefix|OI3-image-129edf3e1ad7e93d,1,0.0036496350364963502
R7,visual_family_hint,openimages_train_prefix|OI4-image-178bf941ff675747,1,0.0036496350364963502
R7,visual_family_hint,openimages_train_prefix|OI4-image-0ef81e4e4794a34b,1,0.0036496350364963502
R7,visual_family_hint,openimages_train_prefix|OI4-image-17051ce4cb9e31aa,1,0.0036496350364963502
R7,visual_family_hint,openimages_train_prefix|OI4-image-1b15c81f9c342cea,1,0.0036496350364963502
R7,visual_family_hint,openimages_train_prefix|OI3-image-124353c9c0b3742f,1,0.0036496350364963502
R7,visual_family_hint,classroom_attitude|RF-screen-160,1,0.0036496350364963502
R7,visual_family_hint,roboflow_v1|V7-MERGED-753ca734366e,1,0.0036496350364963502
R7,visual_family_hint,coco_2017_train|COCO-image-252998,1,0.0036496350364963502
R7,visual_family_hint,coco_2017_train|COCO-image-147172,1,0.0036496350364963502
R7,visual_family_hint,coco_2017_train|COCO-image-563793,1,0.0036496350364963502
R7,visual_family_hint,coco_2017_train|COCO-image-507438,1,0.0036496350364963502
R7,visual_family_hint,roboflow_v1|RF-screen-260,1,0.0036496350364963502
R7,visual_family_hint,roboflow_v1|RF-screen-263,1,0.0036496350364963502
R7,visual_family_hint,roboflow_v1|RF-screen-266,1,0.0036496350364963502
R7,visual_family_hint,roboflow_v1|RF-screen-296,1,0.0036496350364963502
R7,visual_family_hint,coco_2017_train|COCO2-image-322536,1,0.0036496350364963502
R7,visual_family_hint,coco_2017_train|COCO2-image-257421,1,0.0036496350364963502
R7,visual_family_hint,coco_2017_train|COCO2-image-448958,1,0.0036496350364963502
R7,visual_family_hint,coco_2017_train|COCO2-image-208995,1,0.0036496350364963502
R7,visual_family_hint,openimages_train_prefix|OI-image-16820791e1376950,1,0.0036496350364963502
R7,visual_family_hint,openimages_train_prefix|OI-image-197c2ef481c39f41,1,0.0036496350364963502
R7,visual_family_hint,openimages_train_prefix|OI-image-0bcfd3520c92a518,1,0.0036496350364963502
R7,visual_family_hint,openimages_train_prefix|OI-image-1ecc74ea1d40533d,1,0.0036496350364963502
R7,visual_family_hint,openimages_train_prefix|OI3-image-135f4c9e712648af,1,0.0036496350364963502
R7,visual_family_hint,openimages_train_prefix|OI3-image-10b5984e63fe4e0e,1,0.0036496350364963502
R7,visual_family_hint,openimages_train_prefix|OI3-image-0b23a339e9f3e9f9,1,0.0036496350364963502
R7,visual_family_hint,openimages_train_prefix|OI3-image-12d0710e82f45e9d,1,0.0036496350364963502
R7,visual_family_hint,openimages_train_prefix|OI4-image-0ba60d6ca81b3772,1,0.0036496350364963502
R7,visual_family_hint,classroom_attitude|RF-screen-12,1,0.0036496350364963502
R7,visual_family_hint,classroom_attitude|RF-screen-13,1,0.0036496350364963502
R7,visual_family_hint,classroom_attitude|RF-screen-15,1,0.0036496350364963502
R7,visual_family_hint,classroom_attitude|RF-screen-19,1,0.0036496350364963502
R7,visual_family_hint,classroom_attitude|RF-screen-31,1,0.0036496350364963502
R7,visual_family_hint,classroom_attitude|RF-screen-33,1,0.0036496350364963502
R7,visual_family_hint,classroom_attitude|RF-screen-41,1,0.0036496350364963502
R7,visual_family_hint,classroom_attitude|RF-screen-43,1,0.0036496350364963502
R7,visual_family_hint,classroom_attitude|RF-screen-49,1,0.0036496350364963502
R7,visual_family_hint,classroom_attitude|RF-screen-52,1,0.0036496350364963502
R7,visual_family_hint,classroom_attitude|RF-screen-54,1,0.0036496350364963502
R7,visual_family_hint,classroom_attitude|RF-screen-64,1,0.0036496350364963502
R7,visual_family_hint,classroom_attitude|RF-screen-70,1,0.0036496350364963502
R7,visual_family_hint,classroom_attitude|RF-screen-97,1,0.0036496350364963502
R7,visual_family_hint,classroom_attitude|RF-screen-100,1,0.0036496350364963502
R7,visual_family_hint,classroom_attitude|RF-screen-107,1,0.0036496350364963502
R7,visual_family_hint,classroom_attitude|RF-screen-140,1,0.0036496350364963502
R7,visual_family_hint,classroom_attitude|RF-screen-146,1,0.0036496350364963502
R7,visual_family_hint,classroom_attitude|RF-screen-147,1,0.0036496350364963502
R7,visual_family_hint,classroom_attitude|RF-screen-151,1,0.0036496350364963502
R7,visual_family_hint,coco_2017_train|COCO-image-56455,1,0.0036496350364963502
R7,visual_family_hint,coco_2017_train|COCO-image-97849,1,0.0036496350364963502
R7,visual_family_hint,openimages_train_prefix|OI-image-14b052e70f9ec007,1,0.0036496350364963502
R7,visual_family_hint,openimages_train_prefix|OI-image-04903c673ec80166,1,0.0036496350364963502
R7,visual_family_hint,openimages_train_prefix|OI-image-0010383f11a3d639,1,0.0036496350364963502
R7,visual_family_hint,openimages_train_prefix|OI-image-0769fb5e8b237eb9,1,0.0036496350364963502
R7,visual_family_hint,openimages_train_prefix|OI-image-00209998b801428e,1,0.0036496350364963502
R7,visual_family_hint,openimages_train_prefix|OI-image-1c20eedd8864fb96,1,0.0036496350364963502
R7,visual_family_hint,openimages_train_prefix|OI-image-0a4694b85a31aa05,1,0.0036496350364963502
R7,visual_family_hint,openimages_train_prefix|OI-image-001a064f84f98c59,1,0.0036496350364963502
R7,visual_family_hint,student_behaviour|RF-screen-279,1,0.0036496350364963502
R7,visual_family_hint,student_behaviour|V7-MERGED-8b409f90927e,1,0.0036496350364963502
R7,visual_family_hint,student_behaviour|RF-screen-282,1,0.0036496350364963502
R7,visual_family_hint,roboflow_v1|RF-screen-284,1,0.0036496350364963502
R7,visual_family_hint,student_behaviour|RF-screen-285,1,0.0036496350364963502
R7,visual_family_hint,student_behaviour|RF-screen-288,1,0.0036496350364963502
R7,visual_family_hint,student_behaviour|RF-screen-291,1,0.0036496350364963502
R7,visual_family_hint,student_behaviour|RF-screen-293,1,0.0036496350364963502
R7,visual_family_hint,student_behaviour|RF-screen-297,1,0.0036496350364963502
R7,visual_family_hint,roboflow_v1|RF-screen-251,1,0.0036496350364963502
R7,visual_family_hint,openimages_train_prefix|OI-image-0ebee4133320f53b,1,0.0036496350364963502
R7,visual_family_hint,coco_2017_train|COCO3-image-544471,1,0.0036496350364963502
R7,visual_family_hint,openimages_train_prefix|OI3-image-10cbbd2c9c745068,1,0.0036496350364963502
R7,visual_family_hint,openimages_train_prefix|OI3-image-03a641b9e5d32ec4,1,0.0036496350364963502
R7,visual_family_hint,openimages_train_prefix|OI3-image-14e2f2b108ebdab4,1,0.0036496350364963502
R7,visual_family_hint,openimages_train_prefix|OI3-image-075f532008242818,1,0.0036496350364963502
R7,visual_family_hint,openimages_train_prefix|OI3-image-12373ba9fbc59a44,1,0.0036496350364963502
R7,visual_family_hint,openimages_train_prefix|OI3-image-0cedfe2996e86ed5,1,0.0036496350364963502
R7,visual_family_hint,openimages_train_prefix|OI3-image-1472448436b9869b,1,0.0036496350364963502
R7,visual_family_hint,openimages_train_prefix|OI3-image-000f186681cac78d,1,0.0036496350364963502
R7,visual_family_hint,openimages_train_prefix|OI4-image-14120d6c7e0aa9df,1,0.0036496350364963502
R7,visual_family_hint,openimages_train_prefix|OI3-image-01d67c6f223705c6,1,0.0036496350364963502
R7,visual_family_hint,openimages_train_prefix|OI3-image-01979849acc27462,1,0.0036496350364963502
R7,visual_family_hint,openimages_train_prefix|OI4-image-1440aac5aded454c,1,0.0036496350364963502
R7,visual_family_hint,openimages_train_prefix|OI4-image-176e818726406a46,1,0.0036496350364963502
R7,visual_family_hint,openimages_train_prefix|OI4-image-0921c5617e165913,1,0.0036496350364963502
R7,visual_family_hint,openimages_train_prefix|OI4-image-025ae13a1dc43acc,1,0.0036496350364963502
R7,visual_family_hint,scb_head|SCB-prefix-0006012,1,0.0036496350364963502
R7,visual_family_hint,scb_head|PARENT-TRAIN-V6-G-6af358955ba8ec5f1bd9,1,0.0036496350364963502
R7,visual_family_hint,scb_head|SCB-prefix-0001064,1,0.0036496350364963502
R7,visual_family_hint,scb_head|PARENT-TRAIN-V6-G-666a2ea0ed4f708dbff2,1,0.0036496350364963502
R7,visual_family_hint,scb_head|SCB-prefix-137,1,0.0036496350364963502
R7,visual_family_hint,scb_head|SCB-prefix-0001004,1,0.0036496350364963502
R7,visual_family_hint,scb_head|SCB-prefix-54,1,0.0036496350364963502
R7,visual_family_hint,scb_head|PARENT-TRAIN-V6-G-7f8137444d3c846d0587,1,0.0036496350364963502
R7,visual_family_hint,scb_head|SCB-prefix-0002034,1,0.0036496350364963502
R7,visual_family_hint,scb_hrw|SCB-prefix-19,1,0.0036496350364963502
R7,visual_family_hint,scb_head|SCB-prefix-15,1,0.0036496350364963502
R7,visual_family_hint,scb_head|SCB-prefix-143,1,0.0036496350364963502
R7,visual_family_hint,scb_head|PARENT-TRAIN-PB-G-18b53fda4c21055b08af,1,0.0036496350364963502
R7,visual_family_hint,scb_head|SCB-prefix-0002027,1,0.0036496350364963502
R7,visual_family_hint,roboflow_v1|RF-screen-161,1,0.0036496350364963502
R7,visual_family_hint,roboflow_v1|RF-screen-164,1,0.0036496350364963502
R7,visual_family_hint,roboflow_v1|RF-screen-166,1,0.0036496350364963502
R7,visual_family_hint,roboflow_v1|RF-screen-218,1,0.0036496350364963502
R7,visual_family_hint,exam_cheating_keaor|RF-screen-224,1,0.0036496350364963502
R7,visual_family_hint,roboflow_v1|RF-screen-234,1,0.0036496350364963502
R7,visual_family_hint,roboflow_v1|RF-screen-237,1,0.0036496350364963502
R7,visual_family_hint,openimages_train_prefix|OI-image-00af2c7d2386b4e6,1,0.0036496350364963502
R7,visual_family_hint,openimages_train_prefix|OI-image-020af79719c39238,1,0.0036496350364963502
R7,visual_family_hint,openimages_train_prefix|OI-image-0ce21d0e54cbc24f,1,0.0036496350364963502
R7,visual_family_hint,openimages_train_prefix|OI-image-1ddc1d973a4d1f52,1,0.0036496350364963502
R7,visual_family_hint,openimages_train_prefix|OI-image-0859600a05027ce5,1,0.0036496350364963502
R7,visual_family_hint,coco_2017_train|COCO2-image-388344,1,0.0036496350364963502
R7,visual_family_hint,openimages_train_prefix|OI3-image-08c90260cf025c0e,1,0.0036496350364963502
R7,visual_family_hint,openimages_train_prefix|OI3-image-1495b578dd5d7479,1,0.0036496350364963502
R7,visual_family_hint,openimages_train_prefix|OI3-image-01933ab305f3311f,1,0.0036496350364963502
R7,visual_family_hint,scb_hrw|SCB-prefix-0016020,1,0.0036496350364963502
R7,visual_family_hint,scb_hrw|SCB-prefix-3000088,1,0.0036496350364963502
R7,visual_family_hint,scb_hrw|SCB-prefix-3000250,1,0.0036496350364963502
R7,visual_family_hint,scb_hrw|SCB-prefix-0088,1,0.0036496350364963502
R7,visual_family_hint,scb_head|SCB-prefix-149,1,0.0036496350364963502
R7,visual_family_hint,scb_hrw|SCB-prefix-3004065,1,0.0036496350364963502
R7,visual_family_hint,scb_hrw|SCB-prefix-0011008,1,0.0036496350364963502
R7,visual_family_hint,scb_hrw|PARENT-TRAIN-PB-G-f0b75b5ac12d58228355,1,0.0036496350364963502
R7,visual_family_hint,scb_hrw|SCB-prefix-133,1,0.0036496350364963502
R7,visual_family_hint,scb_hrw|SCB-prefix-1429005,1,0.0036496350364963502
R7,visual_family_hint,scb_hrw|V7-MERGED-8b409f90927e,1,0.0036496350364963502
R7,visual_family_hint,scb_hrw|SCB-prefix-0009033,1,0.0036496350364963502
R7,visual_family_hint,scb_hrw|SCB-prefix-1395017,1,0.0036496350364963502
R7,visual_family_hint,scb_hrw|SCB-prefix-3004049,1,0.0036496350364963502
R7,visual_family_hint,scb_hrw|SCB-prefix-3000173,1,0.0036496350364963502
R7,visual_family_hint,scb_hrw|SCB-prefix-0024054,1,0.0036496350364963502
R7,visual_family_hint,exam_cheating_keaor|RF-screen-277,1,0.0036496350364963502
R7,visual_family_hint,coco_2017_train|COCO2-image-494936,1,0.0036496350364963502
R7,visual_family_hint,coco_2017_train|COCO2-image-573819,1,0.0036496350364963502
R7,visual_family_hint,coco_2017_train|COCO2-image-478845,1,0.0036496350364963502
R7,visual_family_hint,coco_2017_train|COCO2-image-200680,1,0.0036496350364963502
R7,visual_family_hint,openimages_train_prefix|OI-image-0bb990998654714a,1,0.0036496350364963502
R7,visual_family_hint,openimages_train_prefix|OI-image-0657ac512522fee2,1,0.0036496350364963502
R7,visual_family_hint,openimages_train_prefix|OI-image-02824f0ef9c9fc1d,1,0.0036496350364963502
R7,visual_family_hint,openimages_train_prefix|OI-image-1ab082a46a09980a,1,0.0036496350364963502
R7,visual_family_hint,openimages_train_prefix|OI3-image-1a78d1bf6fa31659,1,0.0036496350364963502
R7,visual_family_hint,openimages_train_prefix|OI3-image-03c9befccca6d69f,1,0.0036496350364963502
R7,visual_family_hint,openimages_train_prefix|OI3-image-07fe7744cfd55589,1,0.0036496350364963502
R7,visual_family_hint,openimages_train_prefix|OI3-image-020093783b9a0d05,1,0.0036496350364963502
R7,visual_family_hint,openimages_train_prefix|OI3-image-1de51302f3762022,1,0.0036496350364963502
R7,visual_family_hint,openimages_train_prefix|OI3-image-0ea258cfc19edbe8,1,0.0036496350364963502
R7,visual_family_hint,openimages_train_prefix|OI3-image-19cd55f8bd5f121d,1,0.0036496350364963502
R7,visual_family_hint,openimages_train_prefix|OI4-image-1d1c43c175a43146,1,0.0036496350364963502
R7,visual_family_hint,openimages_train_prefix|OI4-image-19dba4364675dd62,1,0.0036496350364963502
R7,visual_family_hint,openimages_train_prefix|OI4-image-084f66accbc675ae,1,0.0036496350364963502
R7,visual_family_hint,openimages_train_prefix|OI4-image-0020d920ddaeec76,1,0.0036496350364963502
R7,visual_family_hint,openimages_train_prefix|OI4-image-04db7181cb6769ec,1,0.0036496350364963502
R7,visual_family_hint,classroom_attitude|RF-screen-3,1,0.0036496350364963502
R7,visual_family_hint,classroom_attitude|RF-screen-36,1,0.0036496350364963502
R7,visual_family_hint,classroom_attitude|RF-screen-77,1,0.0036496350364963502
R7,visual_family_hint,classroom_attitude|RF-screen-81,1,0.0036496350364963502
R7,visual_family_hint,classroom_attitude|RF-screen-108,1,0.0036496350364963502
R7,visual_family_hint,classroom_attitude|RF-screen-109,1,0.0036496350364963502
R7,visual_family_hint,classroom_attitude|RF-screen-116,1,0.0036496350364963502
R7,visual_family_hint,classroom_attitude|RF-screen-120,1,0.0036496350364963502
R7,visual_family_hint,classroom_attitude|RF-screen-121,1,0.0036496350364963502
R7,visual_family_hint,classroom_attitude|RF-screen-123,1,0.0036496350364963502
R7,visual_family_hint,classroom_attitude|RF-screen-126,1,0.0036496350364963502
R7,visual_family_hint,classroom_attitude|RF-screen-155,1,0.0036496350364963502
R7,visual_family_hint,classroom_attitude|RF-screen-104,1,0.0036496350364963502
R7,visual_family_hint,coco_2017_train|COCO3-image-407806,1,0.0036496350364963502
R7,visual_family_hint,coco_2017_train|COCO3-image-267815,1,0.0036496350364963502
R7,visual_family_hint,coco_2017_train|COCO3-image-20781,1,0.0036496350364963502
R7,visual_family_hint,coco_2017_train|COCO3-image-360811,1,0.0036496350364963502
R7,visual_family_hint,coco_2017_train|COCO3-image-188040,1,0.0036496350364963502
R7,visual_family_hint,coco_2017_train|COCO3-image-218715,1,0.0036496350364963502
R7,visual_family_hint,coco_2017_train|COCO3-image-211420,1,0.0036496350364963502
R7,visual_family_hint,openimages_train_prefix|OI3-image-07b533661ede7e50,1,0.0036496350364963502
R7,visual_family_hint,openimages_train_prefix|OI3-image-0f384b76033e2456,1,0.0036496350364963502
R7,visual_family_hint,openimages_train_prefix|OI3-image-188590ba5240110a,1,0.0036496350364963502
R7,visual_family_hint,openimages_train_prefix|OI4-image-0d95a16f4b721523,1,0.0036496350364963502
R7,visual_family_hint,openimages_train_prefix|OI4-image-195d50f2a8b693f7,1,0.0036496350364963502
R7,visual_family_hint,openimages_train_prefix|OI4-image-0f5e299b0f6b3ddc,1,0.0036496350364963502
R7,visual_family_hint,openimages_train_prefix|OI4-image-0448a2b6a0d3d4b4,1,0.0036496350364963502
R7,visual_family_hint,openimages_train_prefix|OI4-image-020bc26e3593a415,1,0.0036496350364963502
Final-proposal,source,openimages_train_prefix,92,0.3357664233576642
Final-proposal,source,classroom_attitude,60,0.21897810218978103
Final-proposal,source,coco_2017_train,39,0.14233576642335766
Final-proposal,source,scb_head,26,0.0948905109489051
Final-proposal,source,roboflow_v1,23,0.08394160583941605
Final-proposal,source,scb_hrw,18,0.06569343065693431
Final-proposal,source,student_behaviour,14,0.051094890510948905
Final-proposal,source,exam_cheating_keaor,2,0.0072992700729927005
Final-proposal,source_image,source_pixel_sha256|bdb46de415f6fd286afd366f4b1e0f4d58950bd7e43b6bb6ccdf10e97cac587d,3,0.010948905109489052
Final-proposal,source_image,source_pixel_sha256|40e55c54f1533e730b635128061e7eeef04bc0bf0977b95e5c6c3f8f80b59290,3,0.010948905109489052
Final-proposal,source_image,source_pixel_sha256|1bec114b55796c13d30bfb8d3697fc657345526f4234b47c4a52378a29cba1dd,2,0.0072992700729927005
Final-proposal,source_image,source_pixel_sha256|91baa2d7eb69e92df6cd3c049bbcd55d7df515bd1591c598e969fbb8f2ed2bf4,2,0.0072992700729927005
Final-proposal,source_image,source_pixel_sha256|bfc3b5e9f144e82641bb96787a0687c2fb16bf8e2888712a2b3c0c8f6ca735a2,2,0.0072992700729927005
Final-proposal,source_image,source_pixel_sha256|13eb1285ce192c66546fce085e3ca951aac081b8fa823919e244dd90ce4325c2,2,0.0072992700729927005
Final-proposal,source_image,source_pixel_sha256|945749b43e6fb61b2ba5b144d729bc4e5df3101b189c07dfc507d12622b38e6a,2,0.0072992700729927005
Final-proposal,source_image,source_pixel_sha256|fd071dd907d2ff0382cd55d601285fb3cb30454abe27feb89e02fb2e17c80931,2,0.0072992700729927005
Final-proposal,source_image,source_pixel_sha256|2941e6b4eb91004a853a57114a4d82893a12459ae4b45ece3af8efe95aff7419,2,0.0072992700729927005
Final-proposal,source_image,source_pixel_sha256|e2921e455f3023d1258ea9af050e6523dcca6f4b9f860930a2b0d160420e28eb,2,0.0072992700729927005
Final-proposal,source_image,source_pixel_sha256|12c9f538e0495d3b1c45c4f5ec3dedff28bd64afa9d9686fa62398d896aa6cdd,2,0.0072992700729927005
Final-proposal,source_image,source_pixel_sha256|d4afdc553c0c6fc3a44d5c4b0d3ba3e2fdd465b7a092fa53e5078c6fe138350f,2,0.0072992700729927005
Final-proposal,source_image,source_pixel_sha256|10171f3b8e8284609aab0ec2ac79eccfcefd1f0aabc200583c2df371eafd5387,2,0.0072992700729927005
Final-proposal,source_image,source_pixel_sha256|2413e50998a3f102920b4ada83e640d014ecc9b8d0fa921d53d8da42ee9d8f20,2,0.0072992700729927005
Final-proposal,source_image,source_pixel_sha256|cfc437030e1db1ae5a2310d6dce6841f65b3b0cd82d6274dbfb1177c7922e4a3,2,0.0072992700729927005
Final-proposal,source_image,source_pixel_sha256|88bbd1d56ca212032a7acc60d6aab944a33dd3370d85fcb94c8184573ac1f6e3,2,0.0072992700729927005
Final-proposal,source_image,source_pixel_sha256|8a7b67340e07d5c5f2c7839e472b912749958be26d86dcba3a5100bcc1a5fb80,2,0.0072992700729927005
Final-proposal,source_image,source_pixel_sha256|72afd36afac73ee727b00227b5590f8ad991bc07ea879c7514fc13f6fd736702,2,0.0072992700729927005
Final-proposal,source_image,source_pixel_sha256|cb4524694336ae5d76641054b4c36067f979ef01f95d92a5728af7909334c378,2,0.0072992700729927005
Final-proposal,source_image,source_pixel_sha256|3529d890c5d258d2e4793e8eb3e5d73a8911e7e25a7fd2a57ec228b9a7aa0d08,2,0.0072992700729927005
Final-proposal,source_image,source_pixel_sha256|14f6218ad7e084f098cde610f04227d08accd5d895097b5ea3e499b50580d1e7,2,0.0072992700729927005
Final-proposal,source_image,source_pixel_sha256|8abf8a57d455dbba2907afc53dcbd4276322dc970e7654253a9edbe406485ed2,2,0.0072992700729927005
Final-proposal,source_image,source_pixel_sha256|406b0c5a0625088f472c8d5bca80f2aff5d9ae72343cdf95e6c3770d4ccba074,2,0.0072992700729927005
Final-proposal,source_image,source_pixel_sha256|50678b2c24a48b5b2f094ad33a8266a504a56c4b102be23290e6b51b691ef026,2,0.0072992700729927005
Final-proposal,source_image,source_pixel_sha256|573a890398f589dcfdd75afa315339c3dc6314faf07ac7ad542a67f994d9aacb,2,0.0072992700729927005
Final-proposal,source_image,source_pixel_sha256|fa954db30bbe50a28c9f265cebdd60f2c0377f18c1cc3b37db9ae8576354ebeb,2,0.0072992700729927005
Final-proposal,source_image,source_pixel_sha256|7cb18ab0a280742d6f9b9f171e94b6bd232868e98cf5c74803730d6ee4a89038,2,0.0072992700729927005
Final-proposal,source_image,source_pixel_sha256|cd24dba2562e7eb460f9e6cc803834753cf6a415a7bd3c8c577707e2a91698fe,2,0.0072992700729927005
Final-proposal,source_image,source_pixel_sha256|e9a085d2950aeb71ddb5f9b4e72474d507af5b127ef1995af4f1523171b8a700,2,0.0072992700729927005
Final-proposal,source_image,source_pixel_sha256|71292529c621d13dcfecff02b1dfb948c8d70acc98650f153e3b423cc40d6bc9,2,0.0072992700729927005
Final-proposal,source_image,source_pixel_sha256|de6a9d7c346e284e3348e0d0b067fa40667b951cb8ce44185d95db5224c315ec,1,0.0036496350364963502
Final-proposal,source_image,source_pixel_sha256|fd1d4272e95a53131d9de56cc87b03c47552a7734f3b8717ca449d2be87a6c43,1,0.0036496350364963502
Final-proposal,source_image,source_pixel_sha256|3c24b988b96792c96c23dc2a3a7746ee3907ad43a6ada39daf5d10ea912acb11,1,0.0036496350364963502
Final-proposal,source_image,source_pixel_sha256|3270754df8dc8826ad4aac00a5f8a4e8e402186fba5a6532b6917b2c7c73fb89,1,0.0036496350364963502
Final-proposal,source_image,source_pixel_sha256|941bf539e8843ba7cb5574e4c193cbfa0b3830535494409c219fe9852adf19c5,1,0.0036496350364963502
Final-proposal,source_image,source_pixel_sha256|217d2cfdff6166613084b0ad0a100ceabb5a78898b5f4c358c59f58a57acbf67,1,0.0036496350364963502
Final-proposal,source_image,source_pixel_sha256|df51a4d56f5c061916c6b4a5a3d4ab1539a09bf19bc6532f4bad3f6d2dc8de2c,1,0.0036496350364963502
Final-proposal,source_image,source_pixel_sha256|68a24c6d2dc79658b76c9af18ea969b566ea9155ab338d20adb0f67306b1e7e6,1,0.0036496350364963502
Final-proposal,source_image,source_pixel_sha256|18c143a23a36f090e8b7ae8dcb5225486e1389b4416ff545c1e0910fa9e73b7c,1,0.0036496350364963502
Final-proposal,source_image,source_pixel_sha256|be0795fc28568629837cfd901946e5442da57edb0e06b7acb8d145ccce284563,1,0.0036496350364963502
Final-proposal,source_image,source_pixel_sha256|3eb70075bb6c2504fd4134f344b58ef8e52a2bc19711d6b33e27efd6ebb580ab,1,0.0036496350364963502
Final-proposal,source_image,source_pixel_sha256|e048cff5596eedc3f388da9ad5a1d8346f619c99acbbe490ff22b7968a55c849,1,0.0036496350364963502
Final-proposal,source_image,source_pixel_sha256|f9957edd1a99197769094d1bfa24843d5427e6959dfa2042a511fd694fb94302,1,0.0036496350364963502
Final-proposal,source_image,source_pixel_sha256|2ca49c89a5a5510702f1a0143639f0b54565ecc4b7b1b8ae564adfbd77183de7,1,0.0036496350364963502
Final-proposal,source_image,source_pixel_sha256|71e845db79f956b67a67896cc8c9cdc7c86eee56e783c2e1b673a73173847179,1,0.0036496350364963502
Final-proposal,source_image,source_pixel_sha256|7c98835840ee6ddd5f969bf53ea5cccc5c2c597a28334b9fa0af9d8b52b37626,1,0.0036496350364963502
Final-proposal,source_image,source_pixel_sha256|69e2f53b9f6c1e3ef4ade0abec57e8aa11043ff9b799cd9d3c3d469111aefc85,1,0.0036496350364963502
Final-proposal,source_image,source_pixel_sha256|917e06d645cd47da079bf3af8a781b465233bf3d52a0c23acc7b876678265200,1,0.0036496350364963502
Final-proposal,source_image,source_pixel_sha256|6d013fde5ebcc30d4c627188a65c57844459ee8c7cbff2db2f0258250d82cdf5,1,0.0036496350364963502
Final-proposal,source_image,source_pixel_sha256|6a5a38cbc298f4d05a3349912dba6d11056780cfb456f5b2e7064245d4f0f3b8,1,0.0036496350364963502
Final-proposal,source_image,source_pixel_sha256|fd7e6021e10aabb4111ccce1a7dc82be0492ac2a280ef38f7267e859af0338d0,1,0.0036496350364963502
Final-proposal,source_image,source_pixel_sha256|18eda8d2c5688eb100699b79ad8fd15c478b6c1c4fea01fdd719492bde72767f,1,0.0036496350364963502
Final-proposal,source_image,source_pixel_sha256|b9db5f6dc68d013078a5c6db431e1c45d7703f84b6782acd42caa0d912574b13,1,0.0036496350364963502
Final-proposal,source_image,source_pixel_sha256|8fe3a10d230f7fa1c01cc87d5658f06b530955cf5f2c7fea3c81ccc5a647766f,1,0.0036496350364963502
Final-proposal,source_image,source_pixel_sha256|0048093741f00ea1dd8cade626f960a1e6f14a4ff2c1c003228ae5459d585f3e,1,0.0036496350364963502
Final-proposal,source_image,source_pixel_sha256|363a2f59cdda5d8279df2291a20ec245a7f1ccb496218a66ac64816e48d07ff2,1,0.0036496350364963502
Final-proposal,source_image,source_pixel_sha256|87eeaafab8b5d7561acb227184ea98801c5d71e6a26baceb27958049ef238b2e,1,0.0036496350364963502
Final-proposal,source_image,source_pixel_sha256|e6df9b7093c46b9074a7068b1463e8ab6dd60775a7360f39f02f73a96e7d3e87,1,0.0036496350364963502
Final-proposal,source_image,source_pixel_sha256|3f01daab3e4baeb1913b47b7931a0c84c837a03b62d3a6715cb8039f9380a817,1,0.0036496350364963502
Final-proposal,source_image,source_pixel_sha256|eac4a8394d84e4d469a10f820207d9936321608837c443389bb2a7bf289147b6,1,0.0036496350364963502
Final-proposal,source_image,source_pixel_sha256|f06b157bc1f75063a5926d87a376fa636f9127a34f46f1c1352b7af09b912c94,1,0.0036496350364963502
Final-proposal,source_image,source_pixel_sha256|816c4b7ffc95994638fcc74fee3c2dac0c63453c0de9cc09d21063e38c284b56,1,0.0036496350364963502
Final-proposal,source_image,source_pixel_sha256|2461e0948bbb550ed30ad0a828c789d1cbd87c756dedeff54696f2d665365afb,1,0.0036496350364963502
Final-proposal,source_image,source_pixel_sha256|b5386cf67dbb785d8e279932da35131dd8c6a506df0b2bd1420aaed9a065c5bf,1,0.0036496350364963502
Final-proposal,source_image,source_pixel_sha256|d6d0437f2b9a0a7d85dbd1b556a9330617a5b3ea2dea48e5ad69a2fb624d8866,1,0.0036496350364963502
Final-proposal,source_image,source_pixel_sha256|37a2966dad65a972e81e2f132eb40db54215e4401f713f9f8d0cd7b59fa16376,1,0.0036496350364963502
Final-proposal,source_image,source_pixel_sha256|66df0f1c3fadf7e5c14bdc76ced0f0e6739676d310543a4f4e91286e90b789e1,1,0.0036496350364963502
Final-proposal,source_image,source_pixel_sha256|2b0810a7994f5e57d9e74928008d8d32fb5a4eb42d4215ce68962c04aaa9c617,1,0.0036496350364963502
Final-proposal,source_image,source_pixel_sha256|c70980c9215f593c7fe8a8d72d713b15ea227e9ceb351a09d786d923301f8c42,1,0.0036496350364963502
Final-proposal,source_image,source_pixel_sha256|d3951830c08be5edce2a0fcde269b7d2d1294ce7623525ecc70709bf25ec70a2,1,0.0036496350364963502
Final-proposal,source_image,source_pixel_sha256|c9af762641a8cd3dbced6ba46e884bbf4c7fee6c6cce4204d687826463753755,1,0.0036496350364963502
Final-proposal,source_image,source_pixel_sha256|599f5a16de8667146d9552d737726e89da2f2b4ab12d4f731d62aae2f8237a19,1,0.0036496350364963502
Final-proposal,source_image,source_pixel_sha256|4f2b54edea0ed8e1cfd89374fd9e468b8c2b831b62001c745d924aef6129d878,1,0.0036496350364963502
Final-proposal,source_image,source_pixel_sha256|64e4b6ab4363f5239a82178a8e4a9de93c5ec1b69edb4e8b37bca978f1e6b791,1,0.0036496350364963502
Final-proposal,source_image,source_pixel_sha256|5681abe63bd2bfb65750a844c90c5c7710681476ad0da574fd53f1dfa2b4c432,1,0.0036496350364963502
Final-proposal,source_image,source_pixel_sha256|754d89991d885516aa36fe8418528525b052db0566a3d8588cbe488595866f7c,1,0.0036496350364963502
Final-proposal,source_image,source_pixel_sha256|c178ccb22e54ab4fcd82d0bc043add35d204f4b2cf1a87d63428270d9593a0a5,1,0.0036496350364963502
Final-proposal,source_image,source_pixel_sha256|53c1921f27a104f1e657b9f3f2993a25980761e4cb7112636a07f9cfc3255d9a,1,0.0036496350364963502
Final-proposal,source_image,source_pixel_sha256|6ea5ef0aa508e8f02778b6f76c0f8a36ce4141d311f0ab623abe74edba577445,1,0.0036496350364963502
Final-proposal,source_image,source_pixel_sha256|6b3e9b52bc73d8198b92b6ac7abad0a15a31a3b5b045b3d619804d5f33fe4089,1,0.0036496350364963502
Final-proposal,source_image,source_pixel_sha256|a21b96cf3c40ad95915ba1701b37ece4a2318a985c4dca98318fb91c92dea1f3,1,0.0036496350364963502
Final-proposal,source_image,source_pixel_sha256|5cf7ddf599f24cca099dbd467583b95b0cb040c265395da57e41a604fa58b2b1,1,0.0036496350364963502
Final-proposal,source_image,source_pixel_sha256|3a9dad3a49433820c146419877f5159b768cf4677833aca6a14b395809bfd307,1,0.0036496350364963502
Final-proposal,source_image,source_pixel_sha256|27d5996a060cc2cd1ce656504619b4f7f62a452bfa151aefd674bdc524798d80,1,0.0036496350364963502
Final-proposal,source_image,source_pixel_sha256|de4f7326db9e64838c1adc9353587587abb61143c8dbe1fdaf12a3d134b1cd91,1,0.0036496350364963502
Final-proposal,source_image,source_pixel_sha256|d959fbf7f84098a9b110050335b8104beee8cee0df95661dc00c39b47708db67,1,0.0036496350364963502
Final-proposal,source_image,source_pixel_sha256|f5e7b688db469a2ff64192d4b800ad24a46c52afefd9f0d89cfda29d8ff5a69d,1,0.0036496350364963502
Final-proposal,source_image,source_pixel_sha256|3b5cd56bba2ea56efcc8e150dbc9923a62c25a6009e6f309297cbd6a8a1f82a2,1,0.0036496350364963502
Final-proposal,source_image,source_pixel_sha256|bbd2d052a7fc0d38f10b7a71df4b0a81ca36433ea84c0c92f94c04e5de0f48e1,1,0.0036496350364963502
Final-proposal,source_image,source_pixel_sha256|2542ccc8833e5ef2c7098ff3b206cbcf9c4a97d076feaac962cf3147bd580086,1,0.0036496350364963502
Final-proposal,source_image,source_pixel_sha256|357f251c5bd3f750f1655945530f82a1cd613176b14090ac382f848714bf49df,1,0.0036496350364963502
Final-proposal,source_image,source_pixel_sha256|5a632f458ded6810194cdf8d443bc5bba3d4efedce2ccb6773037827c733547b,1,0.0036496350364963502
Final-proposal,source_image,source_pixel_sha256|367c73bc45318671a22e6e9146997d6cf1b198d9305c41e3bad806a3a66e119d,1,0.0036496350364963502
Final-proposal,source_image,source_pixel_sha256|e80a15dc689ba0b1e068fb8b94e3a957b5613b492d459e74b2abcf5f284ac459,1,0.0036496350364963502
Final-proposal,source_image,source_pixel_sha256|74eed9a9e00c34286a7732de49098f0ef9548eba49db2456a69740fb06bc33fa,1,0.0036496350364963502
Final-proposal,source_image,source_pixel_sha256|ae9d76ff6a50128b58c8a38ee5d0ad3c81ddb5fb4376902bfca773ccd160d9b1,1,0.0036496350364963502
Final-proposal,source_image,source_pixel_sha256|3627f6972937281a2b6986b4e4b88ea2df383aee90c8efd89d607c2037583fdc,1,0.0036496350364963502
Final-proposal,source_image,source_pixel_sha256|7cf1458acd309b8458ce022f2e0a30c9717d2cfe6e9b867125be53624d91e6c1,1,0.0036496350364963502
Final-proposal,source_image,source_pixel_sha256|870257e7b21a24329f7ef173ee3b3ca042a730861526fa3f6f747aa572771774,1,0.0036496350364963502
Final-proposal,source_image,source_pixel_sha256|1a984c6f80057ef17693bc4b140141edebb260de0ba70032c6bcd844755930fe,1,0.0036496350364963502
Final-proposal,source_image,source_pixel_sha256|cd0a18d7326290be0cb6274ce876ab6140b12a9af04f752e9b1cf80244e7ba54,1,0.0036496350364963502
Final-proposal,source_image,source_pixel_sha256|6091b824101f66583e5848b5711921ac6c7629d88f3140975926523c8f453fdb,1,0.0036496350364963502
Final-proposal,source_image,source_pixel_sha256|0eb8c2c010f26072d3951c8071715dc0f225335dff91a1489a6ce2f906e1d2d5,1,0.0036496350364963502
Final-proposal,source_image,source_pixel_sha256|cf1c0daf7d5837e669bfb43e5e7b73ac007f332dbc2bb77bf73cf02efa04d35d,1,0.0036496350364963502
Final-proposal,source_image,source_pixel_sha256|9ff5a51d8c5bcdc0ab5cf74849505e6c70fd6a60333cd96d8bf0253953e4f352,1,0.0036496350364963502
Final-proposal,source_image,source_pixel_sha256|298fc3eecd265a9a7e252d97ac37ea9f41104e08cfe3aa0fbdfe706c2dd5213b,1,0.0036496350364963502
Final-proposal,source_image,source_pixel_sha256|1c48a8883729f572df6ac2424cfe10674af43230e59eebfc7dba5e0d47c80daf,1,0.0036496350364963502
Final-proposal,source_image,source_pixel_sha256|eee0f4be4ed4885a908fd032bc37e38e551a3669d2c7855551cdaf120786a0ca,1,0.0036496350364963502
Final-proposal,source_image,source_pixel_sha256|99c19ee230a000c4ef0e0ec3d010934aac1310f5fefb3f87a8d592040ef7b972,1,0.0036496350364963502
Final-proposal,source_image,source_pixel_sha256|1b810872d38d5542cb5a9e967468bffadebdd549e630f6e1dc149d11092b4e97,1,0.0036496350364963502
Final-proposal,source_image,source_pixel_sha256|b5ad7fd5af290fd29b7ec9d05f01cd1730e801e21b2ab9e6da0db048930d72b3,1,0.0036496350364963502
Final-proposal,source_image,source_pixel_sha256|c6e1ea37f78b6697fcafa1971f09fe35a2844dce3a36570dc7c50951a30eb438,1,0.0036496350364963502
Final-proposal,source_image,source_pixel_sha256|efa1e0d936df8c091135b1f7d7680da109dc221d85f0c74bacc82872d49bb00b,1,0.0036496350364963502
Final-proposal,source_image,source_pixel_sha256|9bf42c2c79b90ed5842d81c18792669794caa26fb12336970fc8b4b7a82da3b0,1,0.0036496350364963502
Final-proposal,source_image,source_pixel_sha256|e72a104ec63aa509ec1d5287ac2f1e63da4332acaced1a8ca42dbd2691a4297d,1,0.0036496350364963502
Final-proposal,source_image,source_pixel_sha256|b49564993fe11fef5d164b798648328c7556d03473a66e57b691cefbb716c234,1,0.0036496350364963502
Final-proposal,source_image,source_pixel_sha256|09d96ff975eaf49f8d33d9485e156b78624985b600d211d8036a09769b921fef,1,0.0036496350364963502
Final-proposal,source_image,source_pixel_sha256|86ff305277477cd1cf406aba6652bb8f9b9c2ae9b554df38c6d5e01483215d43,1,0.0036496350364963502
Final-proposal,source_image,source_pixel_sha256|28b14374088f14c6b0a72ac7fc58a2a437c2d572bd1a022dfb68c5da5bc224f3,1,0.0036496350364963502
Final-proposal,source_image,source_pixel_sha256|3b39088cf62c6f89358450919c07ed4994161873294cefbd2bb161f512caa1ee,1,0.0036496350364963502
Final-proposal,source_image,source_pixel_sha256|358c121e82186f0d7f4d367b759398c2ccbdca611ada7c20cd8d6a68fa6fe104,1,0.0036496350364963502
Final-proposal,source_image,source_pixel_sha256|fb2ba66fa006c8f954c644c38d377daf9db3fb5ebfbebbfbe98ad4a6d8fa9bb0,1,0.0036496350364963502
Final-proposal,source_image,source_pixel_sha256|cfad92ab420a9ab4c3aa62c6ec21b5f066215e161f836c82e254a1cb1920df24,1,0.0036496350364963502
Final-proposal,source_image,source_pixel_sha256|4e34099157c212acb351597a62985548663c2195a7311d4a9081851db36b2494,1,0.0036496350364963502
Final-proposal,source_image,source_pixel_sha256|34eb1ea154f1b779dae69ae03ef68cd2996ca7158211775a05a203906ec03441,1,0.0036496350364963502
Final-proposal,source_image,source_pixel_sha256|d894d38a1fdb209110c77ed514e8a00c851af788be459617956d82e2669b0f86,1,0.0036496350364963502
Final-proposal,source_image,source_pixel_sha256|fba2cd2dd45d1a555c52ec38302e04d20ada648168d2ef31c4d27888d8ef72f5,1,0.0036496350364963502
Final-proposal,source_image,source_pixel_sha256|a7dc88ad383715d41186e22ad20312aa8a5ced07b7b0f0fd4f8e28d3d071c8cc,1,0.0036496350364963502
Final-proposal,source_image,source_pixel_sha256|bcfd7021273189cffd60ef2b2bb81cf1252abb87a6aa097360ee67813fe71b5b,1,0.0036496350364963502
Final-proposal,source_image,source_pixel_sha256|5ed97cde3dd5d7f9e2947cc62d2ec5c8adc40781ea36ed861c4ae664d26d10d7,1,0.0036496350364963502
Final-proposal,source_image,source_pixel_sha256|807bc98d5559c66174c486a6c01ccf5a35750724f3ca6aa211d18889f80bffc3,1,0.0036496350364963502
Final-proposal,source_image,source_pixel_sha256|e555bd3c59b1cc1ce70768f2692ee131a0aa7524b2c126707b84feef237671b6,1,0.0036496350364963502
Final-proposal,source_image,source_pixel_sha256|9a09511cbc7c4f3f215028ad680bd30fb032f48d745ce305de5d6e0a1e590100,1,0.0036496350364963502
Final-proposal,source_image,source_pixel_sha256|1a0de45839a3a9e7ed2d94fb4e69573f4fd6f6375c94d2befd1f7c85caa71c29,1,0.0036496350364963502
Final-proposal,source_image,source_pixel_sha256|20cf6dd8cc2e9a9d95f6e58658e5dbb6138c6674bcd6bf75f9b2bccc1cd06d7c,1,0.0036496350364963502
Final-proposal,source_image,source_pixel_sha256|a824cba470eb162c4961c460d060aee46fb7ad050bebbd25391c62d6e4d600ba,1,0.0036496350364963502
Final-proposal,source_image,source_pixel_sha256|9da81f1c7f9772bb1a912344d54492d11f9feb14a1fbce6b875c476cc6174d82,1,0.0036496350364963502
Final-proposal,source_image,source_pixel_sha256|d73959670d190deb0c75d65543ed76120bc4ea6af5d3e84cc6565d40974b5fb8,1,0.0036496350364963502
Final-proposal,source_image,source_pixel_sha256|e5bb4b85d14695f4e9fa28b907d407abc54337754dd742772c6242b6e8c16e9b,1,0.0036496350364963502
Final-proposal,source_image,source_pixel_sha256|4b9f635d3f5c80111791b8f72027d199ef885da14d817105939f25b25522d3e3,1,0.0036496350364963502
Final-proposal,source_image,source_pixel_sha256|9c00edb66641b2668ce25f71bdabaf2219361e9ba4be096c23ba2750cae29805,1,0.0036496350364963502
Final-proposal,source_image,source_pixel_sha256|9e80026a54b9010d9118be8a5405976d2352293acbc025b6d9f0e3398f631aa6,1,0.0036496350364963502
Final-proposal,source_image,source_pixel_sha256|8f8d32d14f5a5429d0fab8bcaeac4770f704fd90d9a5bd4a45e016ee3f4dff57,1,0.0036496350364963502
Final-proposal,source_image,source_pixel_sha256|b4ace4f6fc8588ad8e0b34aef82d705f990221f37f99982715f962d3bba1bdea,1,0.0036496350364963502
Final-proposal,source_image,source_pixel_sha256|7750c7292c56597fad325ddd9b8c422295fe3fe486afda43620dd911e346411b,1,0.0036496350364963502
Final-proposal,source_image,source_pixel_sha256|e824e0d7b0d99dfb89ff7d9f3a1dcad9d23890042de07b9751ca63d75fb0c2bb,1,0.0036496350364963502
Final-proposal,source_image,source_pixel_sha256|e8455ba1ef7c8c90ec3086b556a5321fac8e929d0f4969d1efdeaeb85e03c27e,1,0.0036496350364963502
Final-proposal,source_image,source_pixel_sha256|0e833d9c51eb52f248145baf99253d4dfa6464447fd71080fe567d1f336ffe82,1,0.0036496350364963502
Final-proposal,source_image,source_pixel_sha256|dba791d5cb562591511748674d2188230ac1e308058969bd198061a506fc0496,1,0.0036496350364963502
Final-proposal,source_image,source_pixel_sha256|7eed880842bb9b805f0c2e86d2eb33b052fe14459a05b36a94d6523dcb1399e1,1,0.0036496350364963502
Final-proposal,source_image,source_pixel_sha256|25cb36678296c6238581d911f7b5b8723f2cf57f1d76cbfb2f82140917bb3751,1,0.0036496350364963502
Final-proposal,source_image,source_pixel_sha256|d41ef2edce0166fccb9e92afdc337d8303936994f8a3c7e5808493c4e9ae8fd0,1,0.0036496350364963502
Final-proposal,source_image,source_pixel_sha256|1c64e81e09a8ce249eb118c3c820fb156ab765964ff7e144b7aafb70c796a2eb,1,0.0036496350364963502
Final-proposal,source_image,source_pixel_sha256|e5b3d33386ad678fb563c8c9c45d05fa230195d89207d6fcdae4a318dbe5014f,1,0.0036496350364963502
Final-proposal,source_image,source_pixel_sha256|12927e67df82de96159d828476300510a86a845b94b1f8e5e50976610a787098,1,0.0036496350364963502
Final-proposal,source_image,source_pixel_sha256|67bb9575b2ce55be243c8c9d3f40e1bcf36d629683bb12e44ab9991ec9426ccb,1,0.0036496350364963502
Final-proposal,source_image,source_pixel_sha256|8341b46c3b958656d1baf7054bbff9cd9f1508ded3a15cf7585aafdfab90cc0c,1,0.0036496350364963502
Final-proposal,source_image,source_pixel_sha256|ea95f364581410c147214d85979987b91f7e0311287857b054a1abda9819fc0f,1,0.0036496350364963502
Final-proposal,source_image,source_pixel_sha256|f8e3cc98705cbbd2b2cd901bb15ed00023c96e4670563b0289c1bd74396b59f2,1,0.0036496350364963502
Final-proposal,source_image,source_pixel_sha256|67aca19fa16c295952eb7499e724f1ae27162bc08f868723c5d4e54bf227d3cf,1,0.0036496350364963502
Final-proposal,source_image,source_pixel_sha256|10a5e4114c678433d5300dcb1fd78e5b220db1e98af6eaaab4b656b17b86bfa0,1,0.0036496350364963502
Final-proposal,source_image,source_pixel_sha256|f7fb57fbc94001cb44cbbbc6c6df9b6647fcdb8e692d66d04a308f5b61c7db6a,1,0.0036496350364963502
Final-proposal,source_image,source_pixel_sha256|fff4fc925a04946a679e2bcdfe3c903fca3fcdf7dccde0972d8b5852f4c57b59,1,0.0036496350364963502
Final-proposal,source_image,source_pixel_sha256|afb7163c9da283b0d11a6aaa5c79403cda60f0bbc1b4f760eaa8dd23bcbb103d,1,0.0036496350364963502
Final-proposal,source_image,source_pixel_sha256|f2f40384fdf4908765aa1e25160886e47f590b97d7ac93f87a802e664bdeca50,1,0.0036496350364963502
Final-proposal,source_image,source_pixel_sha256|23c989bf4b40f6e18c6464c56b10cff43914c88a2728ba9b3fc7b6f43afa3ad6,1,0.0036496350364963502
Final-proposal,source_image,source_pixel_sha256|58930684e2e6253c7b3b57a7540344cb189c891bbb0802c9a9d1f0c0822ac422,1,0.0036496350364963502
Final-proposal,source_image,source_pixel_sha256|9b8f73842dd4d13aa2cc425d6ae5a49625e21ad988de8bab3039e9345f72507b,1,0.0036496350364963502
Final-proposal,source_image,source_pixel_sha256|d1ba25816e1485010a1b166fac3f28240dbda8194d738f8d70f6b3111efaac6b,1,0.0036496350364963502
Final-proposal,source_image,source_pixel_sha256|4e2a07acd4347ce26131b945efa736458e0e5b75517b62beb4457471eddb27bb,1,0.0036496350364963502
Final-proposal,source_image,source_pixel_sha256|2aa12173b777d2a6f6be168619837101d3a3b03434778e8e1bdabb2e5fb656e1,1,0.0036496350364963502
Final-proposal,source_image,source_pixel_sha256|5c25bd4355e392e36234a17349348ca07131c2045a5a6c982fd0917a6d37dd1e,1,0.0036496350364963502
Final-proposal,source_image,source_pixel_sha256|ef0b6eaa38700de810b41669c20f55748049514f10fdce085c31f6f15da9a159,1,0.0036496350364963502
Final-proposal,source_image,source_pixel_sha256|9dae68e70cb43349f41c7cd88273e6cb6ba84269e7beb4a48d830448d6f20529,1,0.0036496350364963502
Final-proposal,source_image,source_pixel_sha256|ed84722f6e23d031a6324b1b477d135061e2561d910bcefa05cc1dd91cd39863,1,0.0036496350364963502
Final-proposal,source_image,source_pixel_sha256|4ebad86460b0048d37f3d9819fb4c8cf258db3eac11a6127b2980227dec5ab90,1,0.0036496350364963502
Final-proposal,source_image,source_pixel_sha256|c0da76514b95c879f31822712ca3c80d4b1f5e0710e932835c3785c9cc2e7418,1,0.0036496350364963502
Final-proposal,source_image,source_pixel_sha256|38765a8df0f50a01d817265b09181b433280d549d185b7d30b0f9875abcb386b,1,0.0036496350364963502
Final-proposal,source_image,source_pixel_sha256|cadeea134630125c38151e4588f14f5f35704f0fd04a568973247b98722bff02,1,0.0036496350364963502
Final-proposal,source_image,source_pixel_sha256|95ae1f961d669577ff742c02282ebb6b77b8c05e84f8c9c9cf2744ae8f27f929,1,0.0036496350364963502
Final-proposal,source_image,source_pixel_sha256|430707b3f33d81bd44bc3f1f94f56f7ec6ee5bee1feb567cc3e99a6526fa7775,1,0.0036496350364963502
Final-proposal,source_image,source_pixel_sha256|f507f60ac80671d79415c5b0ab3b38eb5ceb18ae18c7289200072054e7066a18,1,0.0036496350364963502
Final-proposal,source_image,source_pixel_sha256|da6cb987eaecffb0fe41a954cf9758bdf1451eb84272683d51393856f50d5b4b,1,0.0036496350364963502
Final-proposal,source_image,source_pixel_sha256|5d0f05adec09c7aef5b66ffd8de7ec82827dac6690362db7481cc06ecab855f4,1,0.0036496350364963502
Final-proposal,source_image,source_pixel_sha256|07a4708cc66ed713e4fddf44a4c88037223e998269d657530afb281b2f627311,1,0.0036496350364963502
Final-proposal,source_image,source_pixel_sha256|3d7556fa8f431be7de42b99081ad167ecf805640032a7b4ebecf94b0cd1062cd,1,0.0036496350364963502
Final-proposal,source_image,source_pixel_sha256|0c7775526b2eb70fa686e2c258d32313fb2b950ae9433368abec0310b8d4276c,1,0.0036496350364963502
Final-proposal,source_image,source_pixel_sha256|3fee0fbf0c5f0b94276600b588b0916ef3a655353a3a96734b5b5c0def7023ac,1,0.0036496350364963502
Final-proposal,source_image,source_pixel_sha256|e35bbdfe6fa29f1d5f9b707334178421fc054427a4e473267973720cf09a4712,1,0.0036496350364963502
Final-proposal,source_image,source_pixel_sha256|33532d6248e862037525d61bee383b88faee2ef3dbf1cd0d1dccce949ce47136,1,0.0036496350364963502
Final-proposal,source_image,source_pixel_sha256|59c6d2cc256d0eedac1d012c8c0f31d5389b0600c260394f91b540f6f70258e9,1,0.0036496350364963502
Final-proposal,source_image,source_pixel_sha256|2a93c1cc64c9cf0fb3ddb70a2056f8f47fe38becfb2100aff86eb7f03a156858,1,0.0036496350364963502
Final-proposal,source_image,source_pixel_sha256|3701a9336d789d299c04d424d36a245d507c4cd1ee733e3b9d9fe823518ccde6,1,0.0036496350364963502
Final-proposal,source_image,source_pixel_sha256|795ba2656a67720b38e48704f36f51fd7e762bc0fa175337dfff8d4d0dbbc44b,1,0.0036496350364963502
Final-proposal,source_image,source_pixel_sha256|a797f480b2d5906e1f68ae5b59fb276d2af0db520fadfd1739710515044c896e,1,0.0036496350364963502
Final-proposal,source_image,source_pixel_sha256|5026da811e70d3a3019bcafb1c3d90e9f274f3632463de0f009b289829080cbb,1,0.0036496350364963502
Final-proposal,source_image,source_pixel_sha256|f7126dcaee3a1799d6be2abfc241cb8cbd6fe4a0a1af423c63a44f20e7736645,1,0.0036496350364963502
Final-proposal,source_image,source_pixel_sha256|574646d8ae24bf26e3b33645443048de87dbbaf33447fec549edaf64e23fa63f,1,0.0036496350364963502
Final-proposal,source_image,source_pixel_sha256|9fa8168b808f9df24d4d2b4bf0adbc63258589c165c91eebb05675fcd7b8e2a1,1,0.0036496350364963502
Final-proposal,source_image,source_pixel_sha256|9fc4e840c04949523e4ee45e7bf16c5871374eb07c0666fe0d02a766a30f839b,1,0.0036496350364963502
Final-proposal,source_image,source_pixel_sha256|e81c1ef3bf9affe0201ee663703c757027cd5762ee6741106feb928f58dd5ed8,1,0.0036496350364963502
Final-proposal,source_image,source_pixel_sha256|a0bd4c1370196cf70b1df000f8d9be106074f0310919c4e7508a4f46e9121384,1,0.0036496350364963502
Final-proposal,source_image,source_pixel_sha256|7e152a3936bddff8a131efc9053255ac9834efc5b96ae2f2a0b57f2178f91806,1,0.0036496350364963502
Final-proposal,source_image,source_pixel_sha256|af8b4368b5ac1798c60a2319d17299382eae507650785bebad584e27a60f61c3,1,0.0036496350364963502
Final-proposal,source_image,source_pixel_sha256|b140ca3dc39e02d5ac2eafa5320d1858f152f0872f8fed63cb94bb0c284c86f8,1,0.0036496350364963502
Final-proposal,source_image,source_pixel_sha256|3cfbcc476f2364e76b0b4342486ef450bcd5bb0a6a223cc6d8c9d82f77c9d6fd,1,0.0036496350364963502
Final-proposal,source_image,source_pixel_sha256|2cb1a40025bcf3fed876098807a17ebcb79f317234de56f5485984bde5bd5336,1,0.0036496350364963502
Final-proposal,source_image,source_pixel_sha256|dda7465b6609156d83f8ff59abbeec9892252e11e531c6d1990c2c338f8c65b2,1,0.0036496350364963502
Final-proposal,source_image,source_pixel_sha256|1aa7fdb16c6bb0dea228267b6d3a2b83f9d1cdacdbd5c01e1b9cda96f71ba0b7,1,0.0036496350364963502
Final-proposal,source_image,source_pixel_sha256|3b80229c512e419803bc5d4d0d4aeff0bbd864ef9f210f8b81a4152920d7c14d,1,0.0036496350364963502
Final-proposal,source_image,source_pixel_sha256|731b34c9fbecb3425b7759b7aee73e19bc87ec541a0e4a4213318ee2044730be,1,0.0036496350364963502
Final-proposal,source_image,source_pixel_sha256|de08643282b0b7432b75857d8d5b01edecf207c3284ae4d60a9cc43075eec4c7,1,0.0036496350364963502
Final-proposal,source_image,source_pixel_sha256|eb59a3017f207871ac5f74c85bd23dd8618c51ac8bf311266319422ddc7bc6aa,1,0.0036496350364963502
Final-proposal,source_image,source_pixel_sha256|45c8f250e0f0d1257b1b47f4f6c80c72b7189fff55ab77eec5f94ae7d4182f5b,1,0.0036496350364963502
Final-proposal,source_image,source_pixel_sha256|b56194678ab0df1506a42237c48029514e2217cda24c43341c4cfc661914ebae,1,0.0036496350364963502
Final-proposal,source_image,source_pixel_sha256|439f4e1ab5524e22b3359ef53b9b77e66091ae9e70e264fdf6e07c6e0b8ab474,1,0.0036496350364963502
Final-proposal,source_image,source_pixel_sha256|87614f12ada2ba2d5d8de61491aafe44777fc31c6b9a14c7a550a223b687cd9e,1,0.0036496350364963502
Final-proposal,source_image,source_pixel_sha256|2e5863c8d2be94fdff10e66e101fcaaac14794f94932a34d7a1c4cdfb8009544,1,0.0036496350364963502
Final-proposal,source_image,source_pixel_sha256|669ed7ff034a1f208ef2107d1799f95b0457cfed43e80e37e03045b505c0becb,1,0.0036496350364963502
Final-proposal,source_image,source_pixel_sha256|4f8d44c888d2da1e9e9569d848d9372de4beaee5e602dd71887b0217011c7a58,1,0.0036496350364963502
Final-proposal,source_image,source_pixel_sha256|c0d44da256505e9603e035d5554c2aa3e8af16af11666467fad320889b212796,1,0.0036496350364963502
Final-proposal,source_image,source_pixel_sha256|ecbdb069dc28bf2d6002f8fdc94558c1411170f41a8f7228ca2eb59dbfa60c44,1,0.0036496350364963502
Final-proposal,source_image,source_pixel_sha256|3e7e0a6128484e596c05c782eb54e52e2ba1b763e5c5337f477c13c2b94bf17d,1,0.0036496350364963502
Final-proposal,source_image,source_pixel_sha256|86acf45fdc6062394b125c74265933b61c26c6d4e8db961655ef4f7e42831be8,1,0.0036496350364963502
Final-proposal,source_image,source_pixel_sha256|f35c894c2e6a6945f8cd32994f5e7639d9fa1c52ab8406eff485d0651496086a,1,0.0036496350364963502
Final-proposal,source_image,source_pixel_sha256|b78a282f52abdd807f63bc911316802650898b5a4e010dfbdacbb64fa1ea14b6,1,0.0036496350364963502
Final-proposal,source_image,source_pixel_sha256|819668962ae84a3248aafdfa75ca7ba9ea0457d4c39c0db1ecc9fc26b64b7a88,1,0.0036496350364963502
Final-proposal,source_image,source_pixel_sha256|8569ecc619d99aa4424528cb1614cc0ea145bf7ea41c1555e1ff4cd7a3f566ae,1,0.0036496350364963502
Final-proposal,source_image,source_pixel_sha256|df45c06baf9b09afbc9404329a746716a7759d30daca992e01e370379668de78,1,0.0036496350364963502
Final-proposal,source_image,source_pixel_sha256|2153bd13eb979c118d83751a9508ab0aab39aa11c0e8c2339b2969d9bba70d7d,1,0.0036496350364963502
Final-proposal,source_image,source_pixel_sha256|cc2385654eb5d28f0fe24a7897cfcfa6c495c201ce27e4798c685787f4a79960,1,0.0036496350364963502
Final-proposal,source_image,source_pixel_sha256|132b346a05b0826ebccc0bcbc6d77d4298f3d7a9234c6198793587ca82f37b39,1,0.0036496350364963502
Final-proposal,source_image,source_pixel_sha256|2884c559e8c243363d338e66b517317b6aa289faf1445a1849dae7234e4da3a0,1,0.0036496350364963502
Final-proposal,source_image,source_pixel_sha256|49e17daf81e3233d50fa93f9b3fdd7a2aec7b591d91cf31231ed26913beeb015,1,0.0036496350364963502
Final-proposal,source_image,source_pixel_sha256|48347d5751fd336f1aa7fd89e46abb4d71cf1db2301c594250be68da00489997,1,0.0036496350364963502
Final-proposal,source_image,source_pixel_sha256|613827e1fd5f7f151d941a0dfeab431198fad1f9392fe06f11ff92fac5f2f90b,1,0.0036496350364963502
Final-proposal,source_image,source_pixel_sha256|516bb6b80415b53ee9df531502c761241ee4c9cb8d6a22ce91cb333f986fff40,1,0.0036496350364963502
Final-proposal,source_image,source_pixel_sha256|38a6a2067991412345b8ca210db1663a405bca86b1fddcf086c1c5315d3290ae,1,0.0036496350364963502
Final-proposal,source_image,source_pixel_sha256|7b1a2fb5b08ca5a73d38221d42f24401fc6eb836ba63723203d5d283bef71735,1,0.0036496350364963502
Final-proposal,source_image,source_pixel_sha256|8aca133cbae04d16bc31e4538e714f833a589ab748abd728f5ae6507fd113591,1,0.0036496350364963502
Final-proposal,source_image,source_pixel_sha256|63a95bfc56611e017d48ac08b340e5af7245f2619ef993fd5490faa64f9262a5,1,0.0036496350364963502
Final-proposal,source_image,source_pixel_sha256|e22088a188dabd8b4235a078c7dcb7c89fd72e263afee5f8316d35116b94bf0c,1,0.0036496350364963502
Final-proposal,visual_family_hint,scb_head|PARENT-TRAIN-PB-G-f0b75b5ac12d58228355,4,0.014598540145985401
Final-proposal,visual_family_hint,classroom_attitude|RF-screen-142,3,0.010948905109489052
Final-proposal,visual_family_hint,openimages_train_prefix|OI4-image-08f00b7676e32dcc,3,0.010948905109489052
Final-proposal,visual_family_hint,classroom_attitude|V7-MERGED-1d3d84778cb2,3,0.010948905109489052
Final-proposal,visual_family_hint,scb_head|PARENT-TRAIN-PB-G-7adf3e797f0d4d4978d9,3,0.010948905109489052
Final-proposal,visual_family_hint,scb_head|SCB-prefix-23,3,0.010948905109489052
Final-proposal,visual_family_hint,classroom_attitude|RF-screen-134,2,0.0072992700729927005
Final-proposal,visual_family_hint,openimages_train_prefix|OI3-image-06ff655145b3c7f4,2,0.0072992700729927005
Final-proposal,visual_family_hint,openimages_train_prefix|OI4-image-1013b88a66eaed41,2,0.0072992700729927005
Final-proposal,visual_family_hint,openimages_train_prefix|OI4-image-093cd5ff30cc3211,2,0.0072992700729927005
Final-proposal,visual_family_hint,classroom_attitude|RF-screen-4,2,0.0072992700729927005
Final-proposal,visual_family_hint,classroom_attitude|RF-screen-11,2,0.0072992700729927005
Final-proposal,visual_family_hint,classroom_attitude|RF-screen-21,2,0.0072992700729927005
Final-proposal,visual_family_hint,classroom_attitude|RF-screen-48,2,0.0072992700729927005
Final-proposal,visual_family_hint,classroom_attitude|RF-screen-122,2,0.0072992700729927005
Final-proposal,visual_family_hint,classroom_attitude|RF-screen-129,2,0.0072992700729927005
Final-proposal,visual_family_hint,classroom_attitude|RF-screen-135,2,0.0072992700729927005
Final-proposal,visual_family_hint,student_behaviour|RF-screen-253,2,0.0072992700729927005
Final-proposal,visual_family_hint,roboflow_v1|RF-screen-268,2,0.0072992700729927005
Final-proposal,visual_family_hint,student_behaviour|RF-screen-278,2,0.0072992700729927005
Final-proposal,visual_family_hint,student_behaviour|RF-screen-280,2,0.0072992700729927005
Final-proposal,visual_family_hint,openimages_train_prefix|OI3-image-146b06768299d7cf,2,0.0072992700729927005
Final-proposal,visual_family_hint,openimages_train_prefix|OI4-image-003334500cdd78c1,2,0.0072992700729927005
Final-proposal,visual_family_hint,scb_head|SCB-prefix-24,2,0.0072992700729927005
Final-proposal,visual_family_hint,roboflow_v1|RF-screen-168,2,0.0072992700729927005
Final-proposal,visual_family_hint,roboflow_v1|RF-screen-177,2,0.0072992700729927005
Final-proposal,visual_family_hint,roboflow_v1|RF-screen-202,2,0.0072992700729927005
Final-proposal,visual_family_hint,roboflow_v1|RF-screen-242,2,0.0072992700729927005
Final-proposal,visual_family_hint,coco_2017_train|COCO2-image-230436,2,0.0072992700729927005
Final-proposal,visual_family_hint,coco_2017_train|COCO2-image-94179,2,0.0072992700729927005
Final-proposal,visual_family_hint,scb_hrw|PARENT-TRAIN-PB-G-18b53fda4c21055b08af,2,0.0072992700729927005
Final-proposal,visual_family_hint,openimages_train_prefix|OI4-image-00100b721367c708,2,0.0072992700729927005
Final-proposal,visual_family_hint,classroom_attitude|RF-white-simulation-desk,1,0.0036496350364963502
Final-proposal,visual_family_hint,classroom_attitude|RF-screen-86,1,0.0036496350364963502
Final-proposal,visual_family_hint,classroom_attitude|RF-screen-115,1,0.0036496350364963502
Final-proposal,visual_family_hint,coco_2017_train|COCO-image-451324,1,0.0036496350364963502
Final-proposal,visual_family_hint,coco_2017_train|COCO-image-187001,1,0.0036496350364963502
Final-proposal,visual_family_hint,coco_2017_train|COCO-image-103427,1,0.0036496350364963502
Final-proposal,visual_family_hint,coco_2017_train|COCO-image-410980,1,0.0036496350364963502
Final-proposal,visual_family_hint,coco_2017_train|COCO-image-121613,1,0.0036496350364963502
Final-proposal,visual_family_hint,coco_2017_train|COCO-image-160708,1,0.0036496350364963502
Final-proposal,visual_family_hint,coco_2017_train|COCO-image-15644,1,0.0036496350364963502
Final-proposal,visual_family_hint,coco_2017_train|COCO-image-116405,1,0.0036496350364963502
Final-proposal,visual_family_hint,coco_2017_train|COCO-image-142481,1,0.0036496350364963502
Final-proposal,visual_family_hint,coco_2017_train|COCO-image-542027,1,0.0036496350364963502
Final-proposal,visual_family_hint,coco_2017_train|COCO-image-334813,1,0.0036496350364963502
Final-proposal,visual_family_hint,openimages_train_prefix|OI-image-02ec1f0836bd6d3c,1,0.0036496350364963502
Final-proposal,visual_family_hint,openimages_train_prefix|OI-image-11fb5266e3700719,1,0.0036496350364963502
Final-proposal,visual_family_hint,openimages_train_prefix|OI-image-1cc075f16a5b6e70,1,0.0036496350364963502
Final-proposal,visual_family_hint,coco_2017_train|COCO3-image-246434,1,0.0036496350364963502
Final-proposal,visual_family_hint,openimages_train_prefix|OI3-image-0704e414fc458410,1,0.0036496350364963502
Final-proposal,visual_family_hint,openimages_train_prefix|OI3-image-163fbc1bc335e714,1,0.0036496350364963502
Final-proposal,visual_family_hint,openimages_train_prefix|OI3-image-0b12a350f65e3c57,1,0.0036496350364963502
Final-proposal,visual_family_hint,classroom_attitude|RF-screen-149,1,0.0036496350364963502
Final-proposal,visual_family_hint,openimages_train_prefix|OI3-image-129edf3e1ad7e93d,1,0.0036496350364963502
Final-proposal,visual_family_hint,openimages_train_prefix|OI4-image-178bf941ff675747,1,0.0036496350364963502
Final-proposal,visual_family_hint,openimages_train_prefix|OI4-image-0ef81e4e4794a34b,1,0.0036496350364963502
Final-proposal,visual_family_hint,openimages_train_prefix|OI4-image-17051ce4cb9e31aa,1,0.0036496350364963502
Final-proposal,visual_family_hint,openimages_train_prefix|OI4-image-1b15c81f9c342cea,1,0.0036496350364963502
Final-proposal,visual_family_hint,openimages_train_prefix|OI3-image-124353c9c0b3742f,1,0.0036496350364963502
Final-proposal,visual_family_hint,classroom_attitude|RF-screen-160,1,0.0036496350364963502
Final-proposal,visual_family_hint,roboflow_v1|V7-MERGED-753ca734366e,1,0.0036496350364963502
Final-proposal,visual_family_hint,coco_2017_train|COCO-image-252998,1,0.0036496350364963502
Final-proposal,visual_family_hint,coco_2017_train|COCO-image-147172,1,0.0036496350364963502
Final-proposal,visual_family_hint,coco_2017_train|COCO-image-563793,1,0.0036496350364963502
Final-proposal,visual_family_hint,coco_2017_train|COCO-image-507438,1,0.0036496350364963502
Final-proposal,visual_family_hint,roboflow_v1|RF-screen-260,1,0.0036496350364963502
Final-proposal,visual_family_hint,roboflow_v1|RF-screen-263,1,0.0036496350364963502
Final-proposal,visual_family_hint,roboflow_v1|RF-screen-266,1,0.0036496350364963502
Final-proposal,visual_family_hint,roboflow_v1|RF-screen-296,1,0.0036496350364963502
Final-proposal,visual_family_hint,coco_2017_train|COCO2-image-322536,1,0.0036496350364963502
Final-proposal,visual_family_hint,coco_2017_train|COCO2-image-257421,1,0.0036496350364963502
Final-proposal,visual_family_hint,coco_2017_train|COCO2-image-448958,1,0.0036496350364963502
Final-proposal,visual_family_hint,coco_2017_train|COCO2-image-208995,1,0.0036496350364963502
Final-proposal,visual_family_hint,openimages_train_prefix|OI-image-16820791e1376950,1,0.0036496350364963502
Final-proposal,visual_family_hint,openimages_train_prefix|OI-image-197c2ef481c39f41,1,0.0036496350364963502
Final-proposal,visual_family_hint,openimages_train_prefix|OI-image-0bcfd3520c92a518,1,0.0036496350364963502
Final-proposal,visual_family_hint,openimages_train_prefix|OI-image-1ecc74ea1d40533d,1,0.0036496350364963502
Final-proposal,visual_family_hint,openimages_train_prefix|OI3-image-135f4c9e712648af,1,0.0036496350364963502
Final-proposal,visual_family_hint,openimages_train_prefix|OI3-image-10b5984e63fe4e0e,1,0.0036496350364963502
Final-proposal,visual_family_hint,openimages_train_prefix|OI3-image-0b23a339e9f3e9f9,1,0.0036496350364963502
Final-proposal,visual_family_hint,openimages_train_prefix|OI3-image-12d0710e82f45e9d,1,0.0036496350364963502
Final-proposal,visual_family_hint,openimages_train_prefix|OI4-image-0ba60d6ca81b3772,1,0.0036496350364963502
Final-proposal,visual_family_hint,classroom_attitude|RF-screen-12,1,0.0036496350364963502
Final-proposal,visual_family_hint,classroom_attitude|RF-screen-13,1,0.0036496350364963502
Final-proposal,visual_family_hint,classroom_attitude|RF-screen-15,1,0.0036496350364963502
Final-proposal,visual_family_hint,classroom_attitude|RF-screen-19,1,0.0036496350364963502
Final-proposal,visual_family_hint,classroom_attitude|RF-screen-31,1,0.0036496350364963502
Final-proposal,visual_family_hint,classroom_attitude|RF-screen-33,1,0.0036496350364963502
Final-proposal,visual_family_hint,classroom_attitude|RF-screen-41,1,0.0036496350364963502
Final-proposal,visual_family_hint,classroom_attitude|RF-screen-43,1,0.0036496350364963502
Final-proposal,visual_family_hint,classroom_attitude|RF-screen-49,1,0.0036496350364963502
Final-proposal,visual_family_hint,classroom_attitude|RF-screen-52,1,0.0036496350364963502
Final-proposal,visual_family_hint,classroom_attitude|RF-screen-54,1,0.0036496350364963502
Final-proposal,visual_family_hint,classroom_attitude|RF-screen-64,1,0.0036496350364963502
Final-proposal,visual_family_hint,classroom_attitude|RF-screen-70,1,0.0036496350364963502
Final-proposal,visual_family_hint,classroom_attitude|RF-screen-97,1,0.0036496350364963502
Final-proposal,visual_family_hint,classroom_attitude|RF-screen-100,1,0.0036496350364963502
Final-proposal,visual_family_hint,classroom_attitude|RF-screen-107,1,0.0036496350364963502
Final-proposal,visual_family_hint,classroom_attitude|RF-screen-140,1,0.0036496350364963502
Final-proposal,visual_family_hint,classroom_attitude|RF-screen-146,1,0.0036496350364963502
Final-proposal,visual_family_hint,classroom_attitude|RF-screen-147,1,0.0036496350364963502
Final-proposal,visual_family_hint,classroom_attitude|RF-screen-151,1,0.0036496350364963502
Final-proposal,visual_family_hint,coco_2017_train|COCO-image-56455,1,0.0036496350364963502
Final-proposal,visual_family_hint,coco_2017_train|COCO-image-97849,1,0.0036496350364963502
Final-proposal,visual_family_hint,openimages_train_prefix|OI-image-14b052e70f9ec007,1,0.0036496350364963502
Final-proposal,visual_family_hint,openimages_train_prefix|OI-image-04903c673ec80166,1,0.0036496350364963502
Final-proposal,visual_family_hint,openimages_train_prefix|OI-image-0010383f11a3d639,1,0.0036496350364963502
Final-proposal,visual_family_hint,openimages_train_prefix|OI-image-0769fb5e8b237eb9,1,0.0036496350364963502
Final-proposal,visual_family_hint,openimages_train_prefix|OI-image-00209998b801428e,1,0.0036496350364963502
Final-proposal,visual_family_hint,openimages_train_prefix|OI-image-1c20eedd8864fb96,1,0.0036496350364963502
Final-proposal,visual_family_hint,openimages_train_prefix|OI-image-0a4694b85a31aa05,1,0.0036496350364963502
Final-proposal,visual_family_hint,openimages_train_prefix|OI-image-001a064f84f98c59,1,0.0036496350364963502
Final-proposal,visual_family_hint,student_behaviour|RF-screen-279,1,0.0036496350364963502
Final-proposal,visual_family_hint,student_behaviour|V7-MERGED-8b409f90927e,1,0.0036496350364963502
Final-proposal,visual_family_hint,student_behaviour|RF-screen-282,1,0.0036496350364963502
Final-proposal,visual_family_hint,roboflow_v1|RF-screen-284,1,0.0036496350364963502
Final-proposal,visual_family_hint,student_behaviour|RF-screen-285,1,0.0036496350364963502
Final-proposal,visual_family_hint,student_behaviour|RF-screen-288,1,0.0036496350364963502
Final-proposal,visual_family_hint,student_behaviour|RF-screen-291,1,0.0036496350364963502
Final-proposal,visual_family_hint,student_behaviour|RF-screen-293,1,0.0036496350364963502
Final-proposal,visual_family_hint,student_behaviour|RF-screen-297,1,0.0036496350364963502
Final-proposal,visual_family_hint,roboflow_v1|RF-screen-251,1,0.0036496350364963502
Final-proposal,visual_family_hint,openimages_train_prefix|OI-image-0ebee4133320f53b,1,0.0036496350364963502
Final-proposal,visual_family_hint,coco_2017_train|COCO3-image-544471,1,0.0036496350364963502
Final-proposal,visual_family_hint,openimages_train_prefix|OI3-image-10cbbd2c9c745068,1,0.0036496350364963502
Final-proposal,visual_family_hint,openimages_train_prefix|OI3-image-03a641b9e5d32ec4,1,0.0036496350364963502
Final-proposal,visual_family_hint,openimages_train_prefix|OI3-image-14e2f2b108ebdab4,1,0.0036496350364963502
Final-proposal,visual_family_hint,openimages_train_prefix|OI3-image-075f532008242818,1,0.0036496350364963502
Final-proposal,visual_family_hint,openimages_train_prefix|OI3-image-12373ba9fbc59a44,1,0.0036496350364963502
Final-proposal,visual_family_hint,openimages_train_prefix|OI3-image-0cedfe2996e86ed5,1,0.0036496350364963502
Final-proposal,visual_family_hint,openimages_train_prefix|OI3-image-1472448436b9869b,1,0.0036496350364963502
Final-proposal,visual_family_hint,openimages_train_prefix|OI3-image-000f186681cac78d,1,0.0036496350364963502
Final-proposal,visual_family_hint,openimages_train_prefix|OI4-image-14120d6c7e0aa9df,1,0.0036496350364963502
Final-proposal,visual_family_hint,openimages_train_prefix|OI3-image-01d67c6f223705c6,1,0.0036496350364963502
Final-proposal,visual_family_hint,openimages_train_prefix|OI3-image-01979849acc27462,1,0.0036496350364963502
Final-proposal,visual_family_hint,openimages_train_prefix|OI4-image-1440aac5aded454c,1,0.0036496350364963502
Final-proposal,visual_family_hint,openimages_train_prefix|OI4-image-176e818726406a46,1,0.0036496350364963502
Final-proposal,visual_family_hint,openimages_train_prefix|OI4-image-0921c5617e165913,1,0.0036496350364963502
Final-proposal,visual_family_hint,openimages_train_prefix|OI4-image-025ae13a1dc43acc,1,0.0036496350364963502
Final-proposal,visual_family_hint,scb_head|SCB-prefix-0006012,1,0.0036496350364963502
Final-proposal,visual_family_hint,scb_head|PARENT-TRAIN-V6-G-6af358955ba8ec5f1bd9,1,0.0036496350364963502
Final-proposal,visual_family_hint,scb_head|SCB-prefix-0001064,1,0.0036496350364963502
Final-proposal,visual_family_hint,scb_head|PARENT-TRAIN-V6-G-666a2ea0ed4f708dbff2,1,0.0036496350364963502
Final-proposal,visual_family_hint,scb_head|SCB-prefix-137,1,0.0036496350364963502
Final-proposal,visual_family_hint,scb_head|SCB-prefix-0001004,1,0.0036496350364963502
Final-proposal,visual_family_hint,scb_head|SCB-prefix-54,1,0.0036496350364963502
Final-proposal,visual_family_hint,scb_head|PARENT-TRAIN-V6-G-7f8137444d3c846d0587,1,0.0036496350364963502
Final-proposal,visual_family_hint,scb_head|SCB-prefix-0002034,1,0.0036496350364963502
Final-proposal,visual_family_hint,scb_hrw|SCB-prefix-19,1,0.0036496350364963502
Final-proposal,visual_family_hint,scb_head|SCB-prefix-15,1,0.0036496350364963502
Final-proposal,visual_family_hint,scb_head|SCB-prefix-143,1,0.0036496350364963502
Final-proposal,visual_family_hint,scb_head|PARENT-TRAIN-PB-G-18b53fda4c21055b08af,1,0.0036496350364963502
Final-proposal,visual_family_hint,scb_head|SCB-prefix-0002027,1,0.0036496350364963502
Final-proposal,visual_family_hint,roboflow_v1|RF-screen-161,1,0.0036496350364963502
Final-proposal,visual_family_hint,roboflow_v1|RF-screen-164,1,0.0036496350364963502
Final-proposal,visual_family_hint,roboflow_v1|RF-screen-166,1,0.0036496350364963502
Final-proposal,visual_family_hint,roboflow_v1|RF-screen-218,1,0.0036496350364963502
Final-proposal,visual_family_hint,exam_cheating_keaor|RF-screen-224,1,0.0036496350364963502
Final-proposal,visual_family_hint,roboflow_v1|RF-screen-234,1,0.0036496350364963502
Final-proposal,visual_family_hint,roboflow_v1|RF-screen-237,1,0.0036496350364963502
Final-proposal,visual_family_hint,openimages_train_prefix|OI-image-00af2c7d2386b4e6,1,0.0036496350364963502
Final-proposal,visual_family_hint,openimages_train_prefix|OI-image-020af79719c39238,1,0.0036496350364963502
Final-proposal,visual_family_hint,openimages_train_prefix|OI-image-0ce21d0e54cbc24f,1,0.0036496350364963502
Final-proposal,visual_family_hint,openimages_train_prefix|OI-image-1ddc1d973a4d1f52,1,0.0036496350364963502
Final-proposal,visual_family_hint,openimages_train_prefix|OI-image-0859600a05027ce5,1,0.0036496350364963502
Final-proposal,visual_family_hint,coco_2017_train|COCO2-image-388344,1,0.0036496350364963502
Final-proposal,visual_family_hint,openimages_train_prefix|OI3-image-08c90260cf025c0e,1,0.0036496350364963502
Final-proposal,visual_family_hint,openimages_train_prefix|OI3-image-1495b578dd5d7479,1,0.0036496350364963502
Final-proposal,visual_family_hint,openimages_train_prefix|OI3-image-01933ab305f3311f,1,0.0036496350364963502
Final-proposal,visual_family_hint,scb_hrw|SCB-prefix-0016020,1,0.0036496350364963502
Final-proposal,visual_family_hint,scb_hrw|SCB-prefix-3000088,1,0.0036496350364963502
Final-proposal,visual_family_hint,scb_hrw|SCB-prefix-3000250,1,0.0036496350364963502
Final-proposal,visual_family_hint,scb_hrw|SCB-prefix-0088,1,0.0036496350364963502
Final-proposal,visual_family_hint,scb_head|SCB-prefix-149,1,0.0036496350364963502
Final-proposal,visual_family_hint,scb_hrw|SCB-prefix-3004065,1,0.0036496350364963502
Final-proposal,visual_family_hint,scb_hrw|SCB-prefix-0011008,1,0.0036496350364963502
Final-proposal,visual_family_hint,scb_hrw|PARENT-TRAIN-PB-G-f0b75b5ac12d58228355,1,0.0036496350364963502
Final-proposal,visual_family_hint,scb_hrw|SCB-prefix-133,1,0.0036496350364963502
Final-proposal,visual_family_hint,scb_hrw|SCB-prefix-1429005,1,0.0036496350364963502
Final-proposal,visual_family_hint,scb_hrw|V7-MERGED-8b409f90927e,1,0.0036496350364963502
Final-proposal,visual_family_hint,scb_hrw|SCB-prefix-0009033,1,0.0036496350364963502
Final-proposal,visual_family_hint,scb_hrw|SCB-prefix-1395017,1,0.0036496350364963502
Final-proposal,visual_family_hint,scb_hrw|SCB-prefix-3004049,1,0.0036496350364963502
Final-proposal,visual_family_hint,scb_hrw|SCB-prefix-3000173,1,0.0036496350364963502
Final-proposal,visual_family_hint,scb_hrw|SCB-prefix-0024054,1,0.0036496350364963502
Final-proposal,visual_family_hint,exam_cheating_keaor|RF-screen-277,1,0.0036496350364963502
Final-proposal,visual_family_hint,coco_2017_train|COCO2-image-494936,1,0.0036496350364963502
Final-proposal,visual_family_hint,coco_2017_train|COCO2-image-573819,1,0.0036496350364963502
Final-proposal,visual_family_hint,coco_2017_train|COCO2-image-478845,1,0.0036496350364963502
Final-proposal,visual_family_hint,coco_2017_train|COCO2-image-200680,1,0.0036496350364963502
Final-proposal,visual_family_hint,openimages_train_prefix|OI-image-0bb990998654714a,1,0.0036496350364963502
Final-proposal,visual_family_hint,openimages_train_prefix|OI-image-0657ac512522fee2,1,0.0036496350364963502
Final-proposal,visual_family_hint,openimages_train_prefix|OI-image-02824f0ef9c9fc1d,1,0.0036496350364963502
Final-proposal,visual_family_hint,openimages_train_prefix|OI-image-1ab082a46a09980a,1,0.0036496350364963502
Final-proposal,visual_family_hint,openimages_train_prefix|OI3-image-1a78d1bf6fa31659,1,0.0036496350364963502
Final-proposal,visual_family_hint,openimages_train_prefix|OI3-image-03c9befccca6d69f,1,0.0036496350364963502
Final-proposal,visual_family_hint,openimages_train_prefix|OI3-image-07fe7744cfd55589,1,0.0036496350364963502
Final-proposal,visual_family_hint,openimages_train_prefix|OI3-image-020093783b9a0d05,1,0.0036496350364963502
Final-proposal,visual_family_hint,openimages_train_prefix|OI3-image-1de51302f3762022,1,0.0036496350364963502
Final-proposal,visual_family_hint,openimages_train_prefix|OI3-image-0ea258cfc19edbe8,1,0.0036496350364963502
Final-proposal,visual_family_hint,openimages_train_prefix|OI3-image-19cd55f8bd5f121d,1,0.0036496350364963502
Final-proposal,visual_family_hint,openimages_train_prefix|OI4-image-1d1c43c175a43146,1,0.0036496350364963502
Final-proposal,visual_family_hint,openimages_train_prefix|OI4-image-19dba4364675dd62,1,0.0036496350364963502
Final-proposal,visual_family_hint,openimages_train_prefix|OI4-image-084f66accbc675ae,1,0.0036496350364963502
Final-proposal,visual_family_hint,openimages_train_prefix|OI4-image-0020d920ddaeec76,1,0.0036496350364963502
Final-proposal,visual_family_hint,openimages_train_prefix|OI4-image-04db7181cb6769ec,1,0.0036496350364963502
Final-proposal,visual_family_hint,classroom_attitude|RF-screen-3,1,0.0036496350364963502
Final-proposal,visual_family_hint,classroom_attitude|RF-screen-36,1,0.0036496350364963502
Final-proposal,visual_family_hint,classroom_attitude|RF-screen-77,1,0.0036496350364963502
Final-proposal,visual_family_hint,classroom_attitude|RF-screen-81,1,0.0036496350364963502
Final-proposal,visual_family_hint,classroom_attitude|RF-screen-108,1,0.0036496350364963502
Final-proposal,visual_family_hint,classroom_attitude|RF-screen-109,1,0.0036496350364963502
Final-proposal,visual_family_hint,classroom_attitude|RF-screen-116,1,0.0036496350364963502
Final-proposal,visual_family_hint,classroom_attitude|RF-screen-120,1,0.0036496350364963502
Final-proposal,visual_family_hint,classroom_attitude|RF-screen-121,1,0.0036496350364963502
Final-proposal,visual_family_hint,classroom_attitude|RF-screen-123,1,0.0036496350364963502
Final-proposal,visual_family_hint,classroom_attitude|RF-screen-126,1,0.0036496350364963502
Final-proposal,visual_family_hint,classroom_attitude|RF-screen-155,1,0.0036496350364963502
Final-proposal,visual_family_hint,classroom_attitude|RF-screen-104,1,0.0036496350364963502
Final-proposal,visual_family_hint,coco_2017_train|COCO3-image-407806,1,0.0036496350364963502
Final-proposal,visual_family_hint,coco_2017_train|COCO3-image-267815,1,0.0036496350364963502
Final-proposal,visual_family_hint,coco_2017_train|COCO3-image-20781,1,0.0036496350364963502
Final-proposal,visual_family_hint,coco_2017_train|COCO3-image-360811,1,0.0036496350364963502
Final-proposal,visual_family_hint,coco_2017_train|COCO3-image-188040,1,0.0036496350364963502
Final-proposal,visual_family_hint,coco_2017_train|COCO3-image-218715,1,0.0036496350364963502
Final-proposal,visual_family_hint,coco_2017_train|COCO3-image-211420,1,0.0036496350364963502
Final-proposal,visual_family_hint,openimages_train_prefix|OI3-image-07b533661ede7e50,1,0.0036496350364963502
Final-proposal,visual_family_hint,openimages_train_prefix|OI3-image-0f384b76033e2456,1,0.0036496350364963502
Final-proposal,visual_family_hint,openimages_train_prefix|OI3-image-188590ba5240110a,1,0.0036496350364963502
Final-proposal,visual_family_hint,openimages_train_prefix|OI4-image-0d95a16f4b721523,1,0.0036496350364963502
Final-proposal,visual_family_hint,openimages_train_prefix|OI4-image-195d50f2a8b693f7,1,0.0036496350364963502
Final-proposal,visual_family_hint,openimages_train_prefix|OI4-image-0f5e299b0f6b3ddc,1,0.0036496350364963502
Final-proposal,visual_family_hint,openimages_train_prefix|OI4-image-0448a2b6a0d3d4b4,1,0.0036496350364963502
Final-proposal,visual_family_hint,openimages_train_prefix|OI4-image-020bc26e3593a415,1,0.0036496350364963502
